2023.04.07,15:11,1.09196,1.09206,1.09193,1.09206,17
2023.04.07,15:12,1.09206,1.09206,1.09201,1.09201,12
2023.04.07,15:13,1.09201,1.09205,1.09201,1.09203,5
2023.04.07,15:14,1.09203,1.09203,1.09197,1.09199,9
2023.04.07,15:15,1.09197,1.09197,1.09192,1.09196,12
2023.04.07,15:16,1.09196,1.09198,1.09193,1.09193,18
2023.04.07,15:17,1.09193,1.09196,1.09193,1.09196,4
2023.04.07,15:18,1.09193,1.09197,1.09192,1.09197,10
2023.04.07,15:19,1.09196,1.09196,1.09195,1.09196,3
2023.04.07,15:20,1.09196,1.09197,1.09181,1.09181,60
2023.04.07,15:21,1.09181,1.09181,1.09180,1.09180,4
2023.04.07,15:22,1.09180,1.09180,1.09179,1.09179,4
2023.04.07,15:23,1.09179,1.09179,1.09176,1.09176,9
2023.04.07,15:24,1.09176,1.09182,1.09176,1.09180,15
2023.04.07,15:25,1.09181,1.09181,1.09179,1.09179,3
2023.04.07,15:26,1.09179,1.09180,1.09179,1.09179,3
2023.04.07,15:27,1.09180,1.09184,1.09180,1.09183,10
2023.04.07,15:28,1.09184,1.09187,1.09182,1.09187,10
2023.04.07,15:29,1.09187,1.09190,1.09186,1.09186,9
2023.04.07,15:30,1.09186,1.09188,1.09183,1.09183,9
2023.04.07,15:31,1.09183,1.09186,1.09183,1.09186,12
2023.04.07,15:32,1.09183,1.09183,1.09177,1.09177,5
2023.04.07,15:33,1.09177,1.09184,1.09177,1.09184,12
2023.04.07,15:34,1.09184,1.09184,1.09180,1.09181,5
2023.04.07,15:35,1.09181,1.09183,1.09180,1.09181,6
2023.04.07,15:36,1.09180,1.09181,1.09170,1.09172,15
2023.04.07,15:37,1.09171,1.09172,1.09170,1.09170,10
2023.04.07,15:38,1.09171,1.09171,1.09166,1.09171,15
2023.04.07,15:39,1.09171,1.09172,1.09170,1.09171,7
2023.04.07,15:40,1.09171,1.09171,1.09158,1.09161,22
2023.04.07,15:41,1.09160,1.09162,1.09156,1.09162,15
2023.04.07,15:42,1.09162,1.09162,1.09158,1.09161,11
2023.04.07,15:43,1.09161,1.09161,1.09147,1.09149,16
2023.04.07,15:44,1.09148,1.09150,1.09145,1.09147,19
2023.04.07,15:45,1.09150,1.09156,1.09150,1.09156,5
2023.04.07,15:46,1.09156,1.09162,1.09154,1.09161,16
2023.04.07,15:47,1.09160,1.09161,1.09156,1.09159,17
2023.04.07,15:48,1.09159,1.09159,1.09152,1.09152,10
2023.04.07,15:49,1.09153,1.09153,1.09147,1.09148,10
2023.04.07,15:50,1.09148,1.09151,1.09147,1.09150,12
2023.04.07,15:51,1.09150,1.09151,1.09141,1.09150,22
2023.04.07,15:52,1.09150,1.09156,1.09147,1.09156,14
2023.04.07,15:53,1.09154,1.09154,1.09152,1.09154,4
2023.04.07,15:54,1.09154,1.09155,1.09149,1.09154,11
2023.04.07,15:55,1.09154,1.09156,1.09152,1.09155,13
2023.04.07,15:56,1.09155,1.09157,1.09154,1.09155,11
2023.04.07,15:57,1.09155,1.09158,1.09153,1.09158,11
2023.04.07,15:58,1.09158,1.09161,1.09157,1.09161,9
2023.04.07,15:59,1.09161,1.09175,1.09161,1.09175,20
2023.04.07,16:00,1.09175,1.09176,1.09160,1.09160,31
2023.04.07,16:01,1.09161,1.09162,1.09152,1.09154,38
2023.04.07,16:02,1.09155,1.09161,1.09152,1.09161,18
2023.04.07,16:03,1.09160,1.09161,1.09150,1.09156,28
2023.04.07,16:04,1.09156,1.09165,1.09155,1.09164,29
2023.04.07,16:05,1.09164,1.09166,1.09164,1.09166,3
2023.04.07,16:06,1.09167,1.09175,1.09167,1.09167,20
2023.04.07,16:07,1.09166,1.09167,1.09166,1.09166,9
2023.04.07,16:08,1.09167,1.09168,1.09164,1.09164,28
2023.04.07,16:09,1.09165,1.09166,1.09165,1.09165,11
2023.04.07,16:10,1.09165,1.09166,1.09157,1.09160,23
2023.04.07,16:11,1.09160,1.09161,1.09156,1.09156,6
2023.04.07,16:12,1.09156,1.09157,1.09146,1.09154,28
2023.04.07,16:13,1.09154,1.09156,1.09144,1.09145,33
2023.04.07,16:14,1.09145,1.09153,1.09144,1.09151,26
2023.04.07,16:15,1.09151,1.09152,1.09142,1.09147,30
2023.04.07,16:16,1.09147,1.09151,1.09144,1.09151,20
2023.04.07,16:17,1.09151,1.09151,1.09148,1.09149,7
2023.04.07,16:18,1.09149,1.09165,1.09149,1.09163,16
2023.04.07,16:19,1.09163,1.09163,1.09147,1.09147,27
2023.04.07,16:20,1.09149,1.09156,1.09147,1.09156,23
2023.04.07,16:21,1.09155,1.09177,1.09148,1.09158,64
2023.04.07,16:22,1.09158,1.09161,1.09152,1.09155,42
2023.04.07,16:23,1.09155,1.09165,1.09155,1.09156,31
2023.04.07,16:24,1.09155,1.09158,1.09154,1.09155,25
2023.04.07,16:25,1.09155,1.09155,1.09129,1.09136,40
2023.04.07,16:26,1.09136,1.09137,1.09116,1.09116,36
2023.04.07,16:27,1.09116,1.09122,1.09114,1.09122,21
2023.04.07,16:28,1.09121,1.09131,1.09119,1.09127,51
2023.04.07,16:29,1.09127,1.09165,1.09127,1.09165,99
2023.04.07,16:30,1.09165,1.09167,1.08876,1.09091,338
2023.04.07,16:31,1.09091,1.09119,1.09065,1.09065,207
2023.04.07,16:32,1.09065,1.09092,1.09023,1.09056,154
2023.04.07,16:33,1.09056,1.09057,1.08949,1.08962,206
2023.04.07,16:34,1.08963,1.08982,1.08864,1.08869,246
2023.04.07,16:35,1.08867,1.08894,1.08831,1.08835,187
2023.04.07,16:36,1.08834,1.08880,1.08830,1.08832,213
2023.04.07,16:37,1.08833,1.08833,1.08757,1.08804,243
2023.04.07,16:38,1.08803,1.08852,1.08799,1.08824,182
2023.04.07,16:39,1.08823,1.08871,1.08801,1.08870,193
2023.04.07,16:40,1.08870,1.08907,1.08866,1.08882,183
2023.04.07,16:41,1.08882,1.08920,1.08878,1.08915,130
2023.04.07,16:42,1.08915,1.08953,1.08912,1.08916,110
2023.04.07,16:43,1.08916,1.08953,1.08916,1.08952,111
2023.04.07,16:44,1.08951,1.08957,1.08938,1.08946,89
2023.04.07,16:45,1.08952,1.08969,1.08946,1.08946,98
2023.04.07,16:46,1.08947,1.08947,1.08926,1.08930,76
2023.04.07,16:47,1.08930,1.08960,1.08927,1.08952,77
2023.04.07,16:48,1.08952,1.09106,1.08952,1.09059,218
2023.04.07,16:49,1.09055,1.09094,1.09021,1.09027,158
2023.04.07,16:50,1.09027,1.09064,1.09013,1.09046,118
2023.04.07,16:51,1.09049,1.09068,1.09024,1.09036,122
2023.04.07,16:52,1.09036,1.09051,1.09028,1.09041,84
2023.04.07,16:53,1.09041,1.09041,1.09000,1.09003,72
2023.04.07,16:54,1.09002,1.09030,1.09002,1.09028,68
2023.04.07,16:55,1.09034,1.09035,1.09013,1.09023,79
2023.04.07,16:56,1.09023,1.09033,1.09021,1.09028,77
2023.04.07,16:57,1.09028,1.09041,1.09023,1.09023,67
2023.04.07,16:58,1.09022,1.09027,1.09012,1.09023,60
2023.04.07,16:59,1.09024,1.09047,1.09024,1.09036,50
2023.04.07,17:00,1.09035,1.09049,1.09031,1.09049,75
2023.04.07,17:01,1.09049,1.09050,1.09032,1.09046,63
2023.04.07,17:02,1.09046,1.09069,1.09046,1.09062,72
2023.04.07,17:03,1.09062,1.09067,1.09043,1.09052,48
2023.04.07,17:04,1.09052,1.09052,1.09025,1.09031,103
2023.04.07,17:05,1.09029,1.09081,1.09028,1.09076,87
2023.04.07,17:06,1.09077,1.09081,1.09057,1.09057,69
2023.04.07,17:07,1.09058,1.09058,1.09042,1.09055,61
2023.04.07,17:08,1.09057,1.09075,1.09046,1.09069,60
2023.04.07,17:09,1.09068,1.09079,1.09068,1.09076,49
2023.04.07,17:10,1.09074,1.09077,1.09054,1.09055,74
2023.04.07,17:11,1.09056,1.09056,1.09039,1.09044,38
2023.04.07,17:12,1.09045,1.09046,1.09026,1.09039,60
2023.04.07,17:13,1.09040,1.09041,1.09022,1.09026,46
2023.04.07,17:14,1.09025,1.09027,1.09009,1.09009,60
2023.04.07,17:15,1.09009,1.09012,1.08982,1.08982,80
2023.04.07,17:16,1.08983,1.08990,1.08978,1.08985,35
2023.04.07,17:17,1.08984,1.09006,1.08984,1.08990,32
2023.04.07,17:18,1.08990,1.08992,1.08984,1.08987,22
2023.04.07,17:19,1.08987,1.08991,1.08980,1.08984,31
2023.04.07,17:20,1.08984,1.09004,1.08973,1.08981,40
2023.04.07,17:21,1.08981,1.08987,1.08969,1.08980,49
2023.04.07,17:22,1.08981,1.08981,1.08975,1.08980,15
2023.04.07,17:23,1.08980,1.08980,1.08967,1.08979,41
2023.04.07,17:24,1.08982,1.08996,1.08979,1.08990,47
2023.04.07,17:25,1.08991,1.09010,1.08990,1.09006,20
2023.04.07,17:26,1.09007,1.09011,1.08998,1.09010,30
2023.04.07,17:27,1.09010,1.09027,1.09010,1.09026,37
2023.04.07,17:28,1.09026,1.09030,1.09016,1.09017,25
2023.04.07,17:29,1.09017,1.09032,1.09009,1.09024,29
2023.04.07,17:30,1.09024,1.09028,1.09021,1.09024,41
2023.04.07,17:31,1.09024,1.09028,1.09021,1.09021,15
2023.04.07,17:32,1.09020,1.09046,1.09020,1.09022,38
2023.04.07,17:33,1.09021,1.09027,1.09018,1.09018,25
2023.04.07,17:34,1.09017,1.09036,1.09013,1.09017,28
2023.04.07,17:35,1.09017,1.09028,1.09017,1.09025,17
2023.04.07,17:36,1.09025,1.09026,1.09020,1.09024,19
2023.04.07,17:37,1.09025,1.09025,1.09016,1.09019,18
2023.04.07,17:38,1.09017,1.09020,1.09017,1.09017,7
2023.04.07,17:39,1.09021,1.09021,1.09014,1.09017,28
2023.04.07,17:40,1.09020,1.09029,1.09011,1.09011,23
2023.04.07,17:41,1.09011,1.09013,1.08980,1.08982,39
2023.04.07,17:42,1.08981,1.08988,1.08963,1.08967,35
2023.04.07,17:43,1.08967,1.08971,1.08946,1.08948,43
2023.04.07,17:44,1.08948,1.08969,1.08948,1.08954,26
2023.04.07,17:45,1.08954,1.08957,1.08947,1.08955,48
2023.04.07,17:46,1.08954,1.08959,1.08953,1.08954,21
2023.04.07,17:47,1.08955,1.08960,1.08949,1.08959,17
2023.04.07,17:48,1.08957,1.08992,1.08957,1.08989,36
2023.04.07,17:49,1.08986,1.08994,1.08980,1.08984,23
2023.04.07,17:50,1.08983,1.08983,1.08971,1.08976,18
2023.04.07,17:51,1.08974,1.08977,1.08969,1.08969,14
2023.04.07,17:52,1.08969,1.08969,1.08956,1.08958,17
2023.04.07,17:53,1.08957,1.08961,1.08947,1.08947,25
2023.04.07,17:54,1.08948,1.08948,1.08935,1.08935,19
2023.04.07,17:55,1.08935,1.08956,1.08934,1.08952,26
2023.04.07,17:56,1.08953,1.08957,1.08946,1.08948,35
2023.04.07,17:57,1.08950,1.08974,1.08944,1.08968,22
2023.04.07,17:58,1.08968,1.08976,1.08963,1.08973,17
2023.04.07,17:59,1.08973,1.08986,1.08970,1.08985,28
2023.04.07,18:00,1.08989,1.08997,1.08987,1.08993,27
2023.04.07,18:01,1.08994,1.09006,1.08990,1.09005,16
2023.04.07,18:02,1.09005,1.09005,1.08988,1.08994,20
2023.04.07,18:03,1.08994,1.09008,1.08994,1.09006,17
2023.04.07,18:04,1.09006,1.09022,1.09006,1.09021,28
2023.04.07,18:05,1.09022,1.09042,1.09018,1.09036,20
2023.04.07,18:06,1.09042,1.09042,1.09036,1.09041,9
2023.04.07,18:07,1.09038,1.09043,1.09037,1.09040,7
2023.04.07,18:08,1.09040,1.09046,1.09040,1.09044,7
2023.04.07,18:09,1.09043,1.09044,1.09043,1.09044,4
2023.04.07,18:10,1.09044,1.09046,1.09042,1.09044,7
2023.04.07,18:11,1.09043,1.09053,1.09039,1.09053,19
2023.04.07,18:12,1.09054,1.09059,1.09053,1.09057,14
2023.04.07,18:13,1.09057,1.09062,1.09055,1.09062,12
2023.04.07,18:14,1.09062,1.09073,1.09062,1.09072,15
2023.04.07,18:15,1.09072,1.09072,1.09068,1.09071,7
2023.04.07,18:16,1.09071,1.09084,1.09071,1.09082,18
2023.04.07,18:17,1.09080,1.09081,1.09078,1.09078,3
2023.04.07,18:18,1.09079,1.09081,1.09077,1.09077,9
2023.04.07,18:19,1.09077,1.09081,1.09077,1.09081,8
2023.04.07,18:20,1.09082,1.09086,1.09079,1.09086,9
2023.04.07,18:21,1.09086,1.09096,1.09086,1.09094,30
2023.04.07,18:22,1.09094,1.09107,1.09094,1.09102,43
2023.04.07,18:23,1.09102,1.09104,1.09101,1.09104,14
2023.04.07,18:24,1.09103,1.09103,1.09100,1.09102,9
2023.04.07,18:25,1.09102,1.09119,1.09102,1.09113,21
2023.04.07,18:26,1.09113,1.09128,1.09111,1.09127,14
2023.04.07,18:27,1.09127,1.09131,1.09126,1.09129,21
2023.04.07,18:28,1.09130,1.09139,1.09130,1.09135,16
2023.04.07,18:29,1.09135,1.09139,1.09131,1.09132,36
2023.04.07,18:30,1.09132,1.09132,1.09104,1.09110,44
2023.04.07,18:31,1.09110,1.09121,1.09104,1.09107,43
2023.04.07,18:32,1.09107,1.09115,1.09105,1.09108,28
2023.04.07,18:33,1.09108,1.09108,1.09093,1.09096,27
2023.04.07,18:34,1.09096,1.09113,1.09096,1.09111,28
2023.04.07,18:35,1.09110,1.09112,1.09105,1.09107,26
2023.04.07,18:36,1.09108,1.09119,1.09107,1.09116,22
2023.04.07,18:37,1.09116,1.09118,1.09109,1.09109,22
2023.04.07,18:38,1.09110,1.09118,1.09109,1.09118,30
2023.04.07,18:39,1.09116,1.09116,1.09107,1.09116,25
2023.04.07,18:40,1.09116,1.09128,1.09111,1.09127,29
2023.04.07,18:41,1.09126,1.09127,1.09111,1.09111,24
2023.04.07,18:42,1.09113,1.09126,1.09105,1.09118,36
2023.04.07,18:43,1.09118,1.09123,1.09115,1.09123,18
2023.04.07,18:44,1.09124,1.09149,1.09124,1.09145,77
2023.04.07,18:45,1.09145,1.09147,1.09132,1.09132,57
2023.04.07,18:46,1.09135,1.09138,1.09130,1.09130,20
2023.04.07,18:47,1.09130,1.09136,1.09127,1.09133,33
2023.04.07,18:48,1.09131,1.09136,1.09125,1.09128,26
2023.04.07,18:49,1.09129,1.09133,1.09125,1.09130,45
2023.04.07,18:50,1.09131,1.09137,1.09125,1.09131,56
2023.04.07,18:51,1.09131,1.09138,1.09131,1.09136,38
2023.04.07,18:52,1.09135,1.09138,1.09135,1.09135,19
2023.04.07,18:53,1.09136,1.09137,1.09130,1.09135,15
2023.04.07,18:54,1.09135,1.09136,1.09128,1.09129,22
2023.04.07,18:55,1.09131,1.09133,1.09118,1.09121,62
2023.04.07,18:56,1.09121,1.09137,1.09121,1.09133,48
2023.04.07,18:57,1.09133,1.09137,1.09129,1.09134,50
2023.04.07,18:58,1.09135,1.09135,1.09124,1.09131,52
2023.04.07,18:59,1.09131,1.09150,1.09119,1.09149,88
2023.04.07,19:00,1.09150,1.09156,1.09136,1.09147,96
2023.04.07,19:01,1.09147,1.09147,1.09115,1.09119,37
2023.04.07,19:02,1.09119,1.09123,1.09104,1.09111,53
2023.04.07,19:03,1.09110,1.09116,1.09108,1.09115,27
2023.04.07,19:04,1.09116,1.09125,1.09115,1.09123,15
2023.04.07,19:05,1.09123,1.09124,1.09112,1.09116,24
2023.04.07,19:06,1.09114,1.09116,1.09099,1.09101,42
2023.04.07,19:07,1.09101,1.09102,1.09075,1.09076,40
2023.04.07,19:08,1.09075,1.09090,1.09074,1.09090,15
2023.04.07,19:09,1.09090,1.09096,1.09077,1.09077,28
2023.04.07,19:10,1.09077,1.09077,1.09068,1.09075,20
2023.04.07,19:11,1.09075,1.09077,1.09061,1.09065,22
2023.04.07,19:12,1.09065,1.09065,1.09061,1.09063,22
2023.04.07,19:13,1.09063,1.09064,1.09057,1.09058,16
2023.04.07,19:14,1.09058,1.09065,1.09057,1.09059,16
2023.04.07,19:15,1.09059,1.09061,1.09059,1.09060,4
2023.04.07,19:16,1.09060,1.09067,1.09059,1.09064,40
2023.04.07,19:17,1.09064,1.09069,1.09063,1.09067,19
2023.04.07,19:18,1.09067,1.09071,1.09067,1.09071,4
2023.04.07,19:19,1.09069,1.09074,1.09069,1.09074,14
2023.04.07,19:20,1.09074,1.09078,1.09073,1.09077,8
2023.04.07,19:21,1.09076,1.09078,1.09073,1.09076,21
2023.04.07,19:22,1.09075,1.09077,1.09074,1.09077,11
2023.04.07,19:23,1.09077,1.09081,1.09076,1.09080,7
2023.04.07,19:24,1.09080,1.09083,1.09080,1.09082,9
2023.04.07,19:25,1.09082,1.09083,1.09082,1.09083,2
2023.04.07,19:26,1.09083,1.09084,1.09083,1.09084,4
2023.04.07,19:27,1.09084,1.09084,1.09082,1.09084,15
2023.04.07,19:28,1.09081,1.09086,1.09081,1.09086,9
2023.04.07,19:29,1.09086,1.09086,1.09083,1.09085,9
2023.04.07,19:30,1.09082,1.09086,1.09082,1.09085,7
2023.04.07,19:31,1.09086,1.09088,1.09083,1.09085,26
2023.04.07,19:32,1.09084,1.09089,1.09082,1.09085,12
2023.04.07,19:33,1.09086,1.09086,1.09083,1.09083,6
2023.04.07,19:34,1.09086,1.09087,1.09084,1.09085,8
2023.04.07,19:35,1.09085,1.09086,1.09081,1.09086,6
2023.04.07,19:36,1.09086,1.09087,1.09083,1.09083,5
2023.04.07,19:37,1.09083,1.09086,1.09082,1.09085,17
2023.04.07,19:38,1.09085,1.09085,1.09081,1.09085,4
2023.04.07,19:39,1.09081,1.09087,1.09081,1.09086,5
2023.04.07,19:40,1.09082,1.09086,1.09082,1.09083,16
2023.04.07,19:41,1.09083,1.09084,1.09078,1.09079,10
2023.04.07,19:42,1.09084,1.09085,1.09079,1.09082,12
2023.04.07,19:43,1.09083,1.09084,1.09078,1.09084,10
2023.04.07,19:44,1.09084,1.09087,1.09083,1.09086,10
2023.04.07,19:45,1.09083,1.09086,1.09083,1.09086,6
2023.04.07,19:46,1.09085,1.09085,1.09083,1.09083,5
2023.04.07,19:47,1.09083,1.09087,1.09083,1.09087,9
2023.04.07,19:48,1.09086,1.09086,1.09086,1.09086,1
2023.04.07,19:49,1.09086,1.09089,1.09086,1.09088,5
2023.04.07,19:50,1.09088,1.09105,1.09086,1.09101,18
2023.04.07,19:51,1.09104,1.09105,1.09104,1.09104,7
2023.04.07,19:52,1.09104,1.09106,1.09104,1.09106,10
2023.04.07,19:53,1.09105,1.09127,1.09105,1.09123,27
2023.04.07,19:54,1.09122,1.09123,1.09119,1.09122,8
2023.04.07,19:55,1.09120,1.09121,1.09118,1.09119,7
2023.04.07,19:56,1.09121,1.09122,1.09118,1.09120,6
2023.04.07,19:57,1.09122,1.09122,1.09117,1.09117,6
2023.04.07,19:58,1.09118,1.09118,1.09114,1.09114,6
2023.04.07,19:59,1.09114,1.09123,1.09114,1.09121,12
2023.04.07,20:00,1.09120,1.09123,1.09116,1.09122,32
2023.04.07,20:01,1.09122,1.09123,1.09119,1.09122,27
2023.04.07,20:02,1.09122,1.09127,1.09118,1.09126,19
2023.04.07,20:03,1.09126,1.09126,1.09121,1.09122,16
2023.04.07,20:04,1.09122,1.09122,1.09119,1.09119,5
2023.04.07,20:05,1.09119,1.09125,1.09117,1.09119,15
2023.04.07,20:06,1.09120,1.09126,1.09115,1.09116,28
2023.04.07,20:07,1.09116,1.09125,1.09108,1.09108,17
2023.04.07,20:08,1.09108,1.09110,1.09107,1.09108,12
2023.04.07,20:09,1.09105,1.09110,1.09103,1.09107,21
2023.04.07,20:10,1.09108,1.09111,1.09108,1.09110,4
2023.04.07,20:11,1.09108,1.09111,1.09107,1.09109,10
2023.04.07,20:12,1.09109,1.09110,1.09108,1.09109,4
2023.04.07,20:13,1.09108,1.09121,1.09108,1.09113,22
2023.04.07,20:14,1.09113,1.09118,1.09113,1.09117,18
2023.04.07,20:15,1.09115,1.09123,1.09115,1.09118,10
2023.04.07,20:16,1.09118,1.09121,1.09116,1.09117,9
2023.04.07,20:17,1.09119,1.09119,1.09116,1.09117,8
2023.04.07,20:18,1.09118,1.09121,1.09117,1.09117,7
2023.04.07,20:19,1.09117,1.09118,1.09114,1.09117,25
2023.04.07,20:20,1.09118,1.09124,1.09115,1.09122,25
2023.04.07,20:21,1.09122,1.09125,1.09121,1.09122,18
2023.04.07,20:22,1.09122,1.09130,1.09122,1.09129,19
2023.04.07,20:23,1.09128,1.09130,1.09128,1.09129,14
2023.04.07,20:24,1.09129,1.09129,1.09126,1.09127,20
2023.04.07,20:25,1.09127,1.09128,1.09124,1.09126,25
2023.04.07,20:26,1.09125,1.09126,1.09125,1.09125,3
2023.04.07,20:27,1.09126,1.09126,1.09112,1.09114,22
2023.04.07,20:28,1.09113,1.09120,1.09113,1.09113,36
2023.04.07,20:29,1.09110,1.09114,1.09106,1.09109,25
2023.04.07,20:30,1.09110,1.09117,1.09110,1.09115,22
2023.04.07,20:31,1.09114,1.09117,1.09114,1.09117,4
2023.04.07,20:32,1.09110,1.09123,1.09109,1.09121,16
2023.04.07,20:33,1.09121,1.09121,1.09091,1.09092,16
2023.04.07,20:34,1.09088,1.09096,1.09088,1.09095,9
2023.04.07,20:35,1.09096,1.09105,1.09093,1.09104,15
2023.04.07,20:36,1.09104,1.09110,1.09104,1.09109,12
2023.04.07,20:37,1.09108,1.09109,1.09107,1.09108,7
2023.04.07,20:38,1.09108,1.09109,1.09107,1.09109,8
2023.04.07,20:39,1.09109,1.09109,1.09105,1.09108,3
2023.04.07,20:40,1.09107,1.09113,1.09107,1.09111,9
2023.04.07,20:41,1.09112,1.09114,1.09111,1.09114,7
2023.04.07,20:42,1.09113,1.09116,1.09108,1.09116,11
2023.04.07,20:43,1.09116,1.09116,1.09115,1.09115,2
2023.04.07,20:44,1.09112,1.09119,1.09112,1.09116,11
2023.04.07,20:45,1.09114,1.09115,1.09111,1.09111,5
2023.04.07,20:46,1.09111,1.09111,1.09111,1.09111,1
2023.04.07,20:47,1.09111,1.09118,1.09111,1.09117,6
2023.04.07,20:48,1.09115,1.09115,1.09108,1.09108,6
2023.04.07,20:49,1.09106,1.09109,1.09106,1.09108,4
2023.04.07,20:50,1.09109,1.09109,1.09093,1.09098,22
2023.04.07,20:51,1.09092,1.09095,1.09090,1.09095,14
2023.04.07,20:52,1.09096,1.09107,1.09093,1.09104,25
2023.04.07,20:53,1.09097,1.09103,1.09097,1.09102,12
2023.04.07,20:54,1.09095,1.09103,1.09095,1.09102,7
2023.04.07,20:55,1.09102,1.09102,1.09096,1.09096,2
2023.04.07,20:56,1.09101,1.09101,1.09098,1.09100,5
2023.04.07,20:57,1.09093,1.09099,1.09093,1.09099,8
2023.04.07,20:58,1.09099,1.09101,1.09099,1.09101,5
2023.04.07,20:59,1.09102,1.09102,1.09095,1.09100,6
2023.04.07,21:00,1.09094,1.09104,1.09093,1.09102,17
2023.04.07,21:01,1.09102,1.09104,1.09102,1.09103,3
2023.04.07,21:02,1.09103,1.09103,1.09102,1.09103,5
2023.04.07,21:03,1.09097,1.09101,1.09093,1.09096,8
2023.04.07,21:04,1.09091,1.09096,1.09091,1.09095,7
2023.04.07,21:05,1.09095,1.09099,1.09093,1.09099,5
2023.04.07,21:06,1.09095,1.09099,1.09095,1.09099,2
2023.04.07,21:07,1.09099,1.09099,1.09096,1.09097,4
2023.04.07,21:08,1.09096,1.09097,1.09096,1.09097,2
2023.04.07,21:09,1.09098,1.09100,1.09098,1.09099,6
2023.04.07,21:10,1.09100,1.09104,1.09100,1.09104,5
2023.04.07,21:11,1.09104,1.09104,1.09102,1.09103,5
2023.04.07,21:12,1.09100,1.09103,1.09097,1.09098,7
2023.04.07,21:13,1.09099,1.09101,1.09099,1.09100,8
2023.04.07,21:14,1.09100,1.09101,1.09100,1.09100,3
2023.04.07,21:15,1.09096,1.09100,1.09096,1.09096,5
2023.04.07,21:16,1.09099,1.09099,1.09097,1.09098,4
2023.04.07,21:17,1.09098,1.09098,1.09096,1.09096,2
2023.04.07,21:18,1.09091,1.09099,1.09091,1.09098,6
2023.04.07,21:19,1.09098,1.09100,1.09096,1.09100,3
2023.04.07,21:20,1.09098,1.09100,1.09096,1.09098,4
2023.04.07,21:21,1.09098,1.09098,1.09096,1.09096,2
2023.04.07,21:22,1.09092,1.09102,1.09092,1.09102,8
2023.04.07,21:23,1.09101,1.09103,1.09098,1.09103,4
2023.04.07,21:24,1.09099,1.09102,1.09097,1.09097,12
2023.04.07,21:25,1.09097,1.09101,1.09097,1.09100,6
2023.04.07,21:26,1.09099,1.09099,1.09095,1.09095,4
2023.04.07,21:27,1.09095,1.09099,1.09095,1.09095,9
2023.04.07,21:28,1.09095,1.09099,1.09095,1.09095,7
2023.04.07,21:29,1.09095,1.09098,1.09095,1.09098,2
2023.04.07,21:30,1.09095,1.09099,1.09090,1.09092,13
2023.04.07,21:31,1.09091,1.09094,1.09090,1.09094,7
2023.04.07,21:32,1.09095,1.09097,1.09091,1.09096,9
2023.04.07,21:33,1.09094,1.09097,1.09088,1.09095,23
2023.04.07,21:34,1.09093,1.09096,1.09092,1.09096,5
2023.04.07,21:35,1.09099,1.09099,1.09098,1.09099,3
2023.04.07,21:36,1.09096,1.09101,1.09096,1.09100,8
2023.04.07,21:37,1.09100,1.09100,1.09096,1.09096,2
2023.04.07,21:38,1.09096,1.09101,1.09096,1.09099,4
2023.04.07,21:39,1.09100,1.09100,1.09098,1.09099,8
2023.04.07,21:40,1.09099,1.09103,1.09096,1.09102,6
2023.04.07,21:41,1.09102,1.09104,1.09100,1.09100,11
2023.04.07,21:42,1.09101,1.09101,1.09087,1.09089,17
2023.04.07,21:43,1.09091,1.09092,1.09089,1.09091,5
2023.04.07,21:44,1.09088,1.09095,1.09088,1.09094,11
2023.04.07,21:45,1.09094,1.09094,1.09085,1.09091,8
2023.04.07,21:46,1.09088,1.09092,1.09087,1.09087,4
2023.04.07,21:47,1.09087,1.09087,1.09085,1.09086,3
2023.04.07,21:48,1.09086,1.09088,1.09085,1.09086,9
2023.04.07,21:49,1.09086,1.09087,1.09085,1.09085,4
2023.04.07,21:50,1.09086,1.09088,1.09086,1.09088,7
2023.04.07,21:51,1.09089,1.09097,1.09089,1.09095,15
2023.04.07,21:52,1.09095,1.09098,1.09091,1.09091,6
2023.04.07,21:53,1.09095,1.09096,1.09091,1.09096,9
2023.04.07,21:54,1.09095,1.09096,1.09090,1.09096,7
2023.04.07,21:55,1.09096,1.09097,1.09086,1.09087,13
2023.04.07,21:56,1.09086,1.09086,1.09080,1.09083,6
2023.04.07,21:57,1.09083,1.09083,1.09080,1.09080,3
2023.04.07,21:58,1.09079,1.09082,1.09079,1.09082,4
2023.04.07,21:59,1.09080,1.09081,1.09080,1.09081,4
2023.04.07,22:00,1.09082,1.09087,1.09079,1.09087,29
2023.04.07,22:01,1.09085,1.09087,1.09084,1.09085,12
2023.04.07,22:02,1.09086,1.09087,1.09080,1.09081,14
2023.04.07,22:03,1.09081,1.09081,1.09079,1.09079,2
2023.04.07,22:04,1.09079,1.09082,1.09031,1.09040,59
2023.04.07,22:05,1.09043,1.09076,1.09043,1.09075,37
2023.04.07,22:06,1.09076,1.09077,1.09073,1.09075,9
2023.04.07,22:07,1.09075,1.09075,1.09070,1.09071,7
2023.04.07,22:08,1.09070,1.09070,1.09061,1.09061,13
2023.04.07,22:09,1.09062,1.09063,1.09060,1.09060,12
2023.04.07,22:10,1.09060,1.09062,1.09057,1.09057,18
2023.04.07,22:11,1.09058,1.09061,1.09058,1.09060,5
2023.04.07,22:12,1.09059,1.09059,1.09046,1.09046,40
2023.04.07,22:13,1.09047,1.09048,1.09042,1.09044,10
2023.04.07,22:14,1.09043,1.09045,1.09039,1.09045,20
2023.04.07,22:15,1.09045,1.09045,1.09044,1.09044,2
2023.04.07,22:16,1.09042,1.09044,1.09040,1.09041,8
2023.04.07,22:17,1.09041,1.09042,1.09041,1.09041,3
2023.04.07,22:18,1.09041,1.09042,1.09041,1.09041,3
2023.04.07,22:19,1.09042,1.09043,1.09042,1.09042,3
2023.04.07,22:20,1.09041,1.09065,1.09040,1.09063,37
2023.04.07,22:21,1.09063,1.09064,1.09063,1.09064,4
2023.04.07,22:22,1.09063,1.09064,1.09053,1.09063,18
2023.04.07,22:23,1.09062,1.09064,1.09062,1.09063,4
2023.04.07,22:24,1.09063,1.09065,1.09048,1.09049,19
2023.04.07,22:25,1.09049,1.09051,1.09049,1.09051,3
2023.04.07,22:26,1.09051,1.09051,1.09050,1.09050,2
2023.04.07,22:27,1.09050,1.09052,1.09050,1.09051,4
2023.04.07,22:28,1.09051,1.09077,1.09050,1.09077,16
2023.04.07,22:29,1.09077,1.09096,1.09077,1.09096,19
2023.04.07,22:30,1.09096,1.09096,1.09046,1.09055,80
2023.04.07,22:31,1.09056,1.09056,1.09042,1.09047,39
2023.04.07,22:32,1.09046,1.09071,1.09046,1.09071,23
2023.04.07,22:33,1.09072,1.09077,1.09071,1.09076,14
2023.04.07,22:34,1.09075,1.09080,1.09074,1.09074,23
2023.04.07,22:35,1.09076,1.09076,1.09073,1.09074,6
2023.04.07,22:36,1.09074,1.09075,1.09072,1.09074,10
2023.04.07,22:37,1.09074,1.09074,1.09056,1.09061,18
2023.04.07,22:38,1.09061,1.09062,1.09060,1.09062,7
2023.04.07,22:39,1.09062,1.09085,1.09060,1.09079,57
2023.04.07,22:40,1.09078,1.09079,1.09076,1.09077,10
2023.04.07,22:41,1.09076,1.09077,1.09066,1.09068,16
2023.04.07,22:42,1.09067,1.09067,1.09054,1.09057,13
2023.04.07,22:43,1.09057,1.09066,1.09057,1.09065,13
2023.04.07,22:44,1.09064,1.09079,1.09064,1.09074,15
2023.04.07,22:45,1.09075,1.09075,1.09070,1.09070,14
2023.04.07,22:46,1.09070,1.09076,1.09070,1.09075,27
2023.04.07,22:47,1.09074,1.09075,1.09073,1.09073,8
2023.04.07,22:48,1.09074,1.09074,1.09070,1.09070,15
2023.04.07,22:49,1.09071,1.09071,1.09071,1.09071,1
2023.04.07,22:50,1.09071,1.09071,1.09067,1.09067,5
2023.04.07,22:51,1.09066,1.09067,1.09065,1.09065,6
2023.04.07,22:52,1.09067,1.09067,1.09065,1.09066,4
2023.04.07,22:53,1.09065,1.09066,1.09064,1.09066,21
2023.04.07,22:54,1.09066,1.09072,1.09066,1.09069,20
2023.04.07,22:55,1.09068,1.09073,1.09068,1.09073,13
2023.04.07,22:56,1.09074,1.09075,1.09069,1.09069,14
2023.04.07,22:57,1.09070,1.09072,1.09055,1.09067,48
2023.04.07,22:58,1.09068,1.09070,1.09060,1.09070,42
2023.04.07,22:59,1.09070,1.09078,1.09070,1.09074,30
2023.04.07,23:00,1.09075,1.09080,1.09068,1.09068,8
2023.04.07,23:01,1.09067,1.09067,1.09067,1.09067,1
2023.04.07,23:02,1.09068,1.09069,1.09068,1.09068,5
2023.04.07,23:03,1.09069,1.09070,1.09066,1.09067,16
2023.04.07,23:04,1.09066,1.09067,1.09066,1.09067,4
2023.04.07,23:05,1.09067,1.09071,1.09067,1.09071,4
2023.04.07,23:06,1.09071,1.09077,1.09065,1.09065,13
2023.04.07,23:07,1.09066,1.09072,1.09064,1.09072,8
2023.04.07,23:08,1.09067,1.09069,1.09059,1.09069,15
2023.04.07,23:09,1.09062,1.09065,1.09062,1.09063,7
2023.04.07,23:10,1.09062,1.09068,1.09062,1.09064,6
2023.04.07,23:11,1.09066,1.09069,1.09066,1.09069,4
2023.04.07,23:12,1.09069,1.09069,1.09068,1.09068,4
2023.04.07,23:13,1.09068,1.09069,1.09067,1.09069,4
2023.04.07,23:14,1.09067,1.09067,1.09067,1.09067,1
2023.04.07,23:15,1.09067,1.09070,1.09067,1.09068,6
2023.04.07,23:16,1.09070,1.09070,1.09066,1.09069,9
2023.04.07,23:17,1.09069,1.09072,1.09067,1.09071,12
2023.04.07,23:18,1.09071,1.09071,1.09070,1.09070,2
2023.04.07,23:19,1.09070,1.09081,1.09070,1.09081,11
2023.04.07,23:20,1.09081,1.09082,1.09079,1.09079,4
2023.04.07,23:21,1.09078,1.09078,1.09078,1.09078,1
2023.04.07,23:22,1.09079,1.09079,1.09078,1.09078,2
2023.04.07,23:23,1.09073,1.09073,1.09073,1.09073,1
2023.04.07,23:24,1.09075,1.09075,1.09075,1.09075,1
2023.04.07,23:25,1.09038,1.09039,1.09038,1.09039,2
2023.04.07,23:26,1.09075,1.09075,1.09068,1.09068,2
2023.04.07,23:28,1.09076,1.09076,1.09044,1.09044,2
2023.04.07,23:29,1.09044,1.09076,1.09044,1.09076,2
2023.04.07,23:30,1.09076,1.09076,1.09076,1.09076,1
2023.04.07,23:31,1.09043,1.09076,1.09043,1.09076,4
2023.04.07,23:33,1.09044,1.09076,1.09044,1.09072,3
2023.04.07,23:34,1.09059,1.09059,1.09052,1.09053,13
2023.04.07,23:35,1.09053,1.09053,1.09052,1.09052,2
2023.04.07,23:36,1.09071,1.09071,1.09054,1.09057,14
2023.04.07,23:37,1.09044,1.09058,1.09025,1.09058,18
2023.04.07,23:38,1.09060,1.09060,1.09060,1.09060,1
2023.04.07,23:39,1.09042,1.09061,1.09042,1.09061,3
2023.04.07,23:40,1.09042,1.09061,1.09002,1.09028,73
2023.04.07,23:41,1.09026,1.09040,1.09019,1.09040,36
2023.04.07,23:42,1.09059,1.09060,1.09058,1.09058,4
2023.04.07,23:43,1.09059,1.09059,1.09057,1.09057,3
2023.04.07,23:44,1.09057,1.09058,1.09056,1.09056,5
2023.04.07,23:45,1.09056,1.09058,1.09049,1.09049,10
2023.04.07,23:46,1.09050,1.09050,1.09046,1.09048,4
2023.04.07,23:47,1.09052,1.09053,1.09035,1.09035,4
2023.04.07,23:48,1.09035,1.09043,1.09027,1.09041,9
2023.04.07,23:49,1.09029,1.09046,1.09029,1.09040,12
2023.04.07,23:50,1.09040,1.09044,1.09027,1.09027,13
2023.04.07,23:51,1.09026,1.09043,1.09026,1.09043,6
2023.04.07,23:52,1.09042,1.09047,1.09038,1.09047,7
2023.04.07,23:53,1.09047,1.09047,1.09044,1.09044,2
2023.04.07,23:54,1.09050,1.09051,1.09050,1.09051,2
2023.04.07,23:55,1.09043,1.09044,1.09039,1.09039,7
2023.04.07,23:56,1.09039,1.09042,1.09039,1.09040,5
2023.04.07,23:57,1.09043,1.09044,1.09040,1.09040,3
2023.04.07,23:58,1.09013,1.09046,1.09013,1.09046,6
2023.04.07,23:59,1.09040,1.09042,1.09037,1.09042,11
2023.04.08,00:00,1.09057,1.09058,1.09055,1.09058,7
2023.04.08,00:01,1.09058,1.09066,1.09058,1.09066,7
2023.04.08,00:02,1.09061,1.09088,1.09024,1.09024,6
2023.04.08,00:03,1.09028,1.09028,1.09028,1.09028,1
2023.04.08,00:04,1.09045,1.09062,1.09038,1.09038,5
2023.04.08,00:05,1.09037,1.09037,1.09037,1.09037,1
2023.04.08,00:06,1.09038,1.09038,1.09034,1.09034,2
2023.04.08,00:07,1.09047,1.09047,1.09047,1.09047,1
2023.04.08,00:10,1.09048,1.09048,1.09048,1.09048,1
2023.04.08,00:11,1.09035,1.09035,1.09035,1.09035,1
2023.04.08,00:12,1.09046,1.09046,1.09033,1.09033,2
2023.04.08,00:13,1.09046,1.09046,1.09046,1.09046,1
2023.04.08,00:14,1.09036,1.09036,1.09036,1.09036,1
2023.04.08,00:15,1.09046,1.09046,1.09046,1.09046,1
2023.04.08,00:16,1.09047,1.09047,1.09047,1.09047,1
2023.04.08,00:18,1.09047,1.09047,1.09046,1.09046,2
2023.04.08,00:19,1.09042,1.09049,1.09042,1.09049,2
2023.04.08,00:20,1.09055,1.09055,1.09055,1.09055,1
2023.04.08,00:22,1.09058,1.09096,1.09051,1.09083,16
2023.04.08,00:23,1.09063,1.09063,1.09061,1.09061,2
2023.04.08,00:24,1.09060,1.09060,1.09040,1.09059,4
2023.04.08,00:25,1.09026,1.09059,1.09026,1.09055,4
2023.04.08,00:26,1.09084,1.09084,1.09060,1.09082,4
2023.04.08,00:27,1.09062,1.09063,1.09061,1.09061,4
2023.04.08,00:28,1.09060,1.09084,1.09059,1.09059,8
2023.04.08,00:29,1.09059,1.09084,1.09059,1.09084,2
2023.04.08,00:30,1.09044,1.09044,1.09044,1.09044,1
2023.04.08,00:31,1.09083,1.09091,1.09082,1.09091,22
2023.04.08,00:32,1.09079,1.09087,1.09059,1.09059,13
2023.04.08,00:33,1.09040,1.09040,1.09040,1.09040,1
2023.04.08,00:35,1.09025,1.09044,1.09025,1.09044,2
2023.04.08,00:36,1.09033,1.09033,1.09033,1.09033,1
2023.04.08,00:37,1.09049,1.09049,1.09020,1.09020,2
2023.04.08,00:38,1.09061,1.09061,1.09058,1.09058,2
2023.04.08,00:39,1.09066,1.09066,1.09066,1.09066,1
2023.04.08,00:40,1.09055,1.09055,1.09029,1.09034,16
2023.04.08,00:41,1.09034,1.09034,1.09032,1.09032,19
2023.04.08,00:42,1.09052,1.09052,1.09052,1.09052,1
2023.04.08,00:43,1.09069,1.09069,1.09069,1.09069,1
2023.04.08,00:44,1.09040,1.09041,1.09022,1.09026,23
2023.04.08,00:45,1.09025,1.09039,1.09025,1.09034,4
2023.04.08,00:46,1.09056,1.09056,1.09017,1.09051,11
2023.04.08,00:47,1.09067,1.09068,1.09040,1.09068,5
2023.04.08,00:48,1.09067,1.09067,1.09044,1.09064,7
2023.04.08,00:49,1.09049,1.09065,1.09043,1.09056,9
2023.04.08,00:50,1.09043,1.09054,1.09043,1.09043,3
2023.04.08,00:51,1.09046,1.09058,1.09046,1.09058,6
2023.04.08,00:52,1.09058,1.09061,1.08997,1.08997,6
2023.04.08,00:53,1.08978,1.09004,1.08978,1.09000,7
2023.04.08,00:54,1.08998,1.09023,1.08973,1.08984,29
2023.04.10,01:09,1.08953,1.08961,1.08953,1.08961,2
2023.04.10,01:10,1.08964,1.08964,1.08964,1.08964,1
2023.04.10,01:11,1.08955,1.08955,1.08955,1.08955,1
2023.04.10,01:12,1.08955,1.08955,1.08954,1.08954,2
2023.04.10,01:13,1.09005,1.09005,1.08954,1.08967,4
2023.04.10,01:14,1.08980,1.08980,1.08967,1.08979,12
2023.04.10,01:15,1.09002,1.09002,1.08964,1.08992,6
2023.04.10,01:16,1.08991,1.08991,1.08991,1.08991,1
2023.04.10,01:17,1.08991,1.08991,1.08991,1.08991,1
2023.04.10,01:18,1.08992,1.09021,1.08992,1.08992,3
2023.04.10,01:19,1.08994,1.08994,1.08994,1.08994,1
2023.04.10,01:20,1.08992,1.09021,1.08977,1.09010,4
2023.04.10,01:21,1.08992,1.09000,1.08992,1.08995,9
2023.04.10,01:23,1.08994,1.08995,1.08994,1.08995,2
2023.04.10,01:24,1.08992,1.08995,1.08992,1.08995,2
2023.04.10,01:25,1.08995,1.08995,1.08995,1.08995,1
2023.04.10,01:26,1.08992,1.08995,1.08991,1.08995,4
2023.04.10,01:27,1.08992,1.08995,1.08992,1.08995,2
2023.04.10,01:28,1.09021,1.09021,1.08995,1.08995,2
2023.04.10,01:29,1.09021,1.09021,1.08995,1.08995,2
2023.04.10,01:30,1.08995,1.09005,1.08980,1.08988,9
2023.04.10,01:31,1.09011,1.09011,1.08988,1.09011,3
2023.04.10,01:32,1.09011,1.09011,1.08982,1.09008,6
2023.04.10,01:33,1.09008,1.09009,1.09008,1.09009,2
2023.04.10,01:34,1.09008,1.09008,1.09008,1.09008,1
2023.04.10,01:35,1.09007,1.09008,1.08965,1.08965,3
2023.04.10,01:36,1.08967,1.09022,1.08967,1.09007,4
2023.04.10,01:37,1.09006,1.09006,1.08968,1.08976,5
2023.04.10,01:38,1.08982,1.09006,1.08982,1.08990,9
2023.04.10,01:39,1.09009,1.09009,1.08990,1.09009,3
2023.04.10,01:40,1.09010,1.09010,1.08990,1.09010,4
2023.04.10,01:41,1.08991,1.09010,1.08991,1.09010,2
2023.04.10,01:42,1.09010,1.09012,1.09010,1.09011,4
2023.04.10,01:43,1.09011,1.09011,1.08991,1.08991,2
2023.04.10,01:44,1.09011,1.09011,1.08998,1.09011,3
2023.04.10,01:45,1.09012,1.09013,1.09012,1.09013,2
2023.04.10,01:46,1.09014,1.09014,1.09014,1.09014,1
2023.04.10,01:47,1.09014,1.09015,1.08998,1.09015,3
2023.04.10,01:48,1.08998,1.09000,1.08998,1.09000,2
2023.04.10,01:49,1.09001,1.09032,1.09001,1.09026,37
2023.04.10,01:50,1.09026,1.09026,1.09018,1.09019,11
2023.04.10,01:51,1.09025,1.09025,1.09019,1.09019,2
2023.04.10,01:52,1.09019,1.09025,1.09019,1.09025,2
2023.04.10,01:53,1.09020,1.09026,1.09020,1.09026,2
2023.04.10,01:54,1.09020,1.09025,1.09017,1.09025,3
2023.04.10,01:55,1.09025,1.09026,1.09016,1.09016,5
2023.04.10,01:56,1.09026,1.09029,1.09012,1.09023,7
2023.04.10,01:57,1.09012,1.09022,1.09012,1.09022,2
2023.04.10,01:58,1.09022,1.09022,1.08993,1.08993,8
2023.04.10,01:59,1.08992,1.09024,1.08992,1.08995,18
2023.04.10,02:00,1.08994,1.09081,1.08994,1.09060,76
2023.04.10,02:01,1.09061,1.09063,1.09032,1.09048,84
2023.04.10,02:02,1.09047,1.09057,1.09046,1.09049,42
2023.04.10,02:03,1.09050,1.09054,1.09046,1.09052,44
2023.04.10,02:04,1.09052,1.09071,1.09052,1.09068,23
2023.04.10,02:05,1.09068,1.09072,1.09068,1.09072,5
2023.04.10,02:06,1.09073,1.09098,1.09072,1.09098,17
2023.04.10,02:07,1.09098,1.09103,1.09091,1.09103,26
2023.04.10,02:08,1.09100,1.09109,1.09098,1.09100,11
2023.04.10,02:09,1.09100,1.09102,1.09094,1.09096,8
2023.04.10,02:10,1.09094,1.09096,1.09085,1.09085,9
2023.04.10,02:11,1.09085,1.09094,1.09073,1.09077,18
2023.04.10,02:12,1.09077,1.09089,1.09077,1.09086,23
2023.04.10,02:13,1.09086,1.09094,1.09077,1.09077,31
2023.04.10,02:14,1.09077,1.09078,1.09066,1.09078,23
2023.04.10,02:15,1.09077,1.09083,1.09075,1.09081,17
2023.04.10,02:16,1.09080,1.09080,1.09074,1.09075,16
2023.04.10,02:17,1.09075,1.09076,1.09072,1.09074,11
2023.04.10,02:18,1.09074,1.09075,1.09071,1.09071,4
2023.04.10,02:19,1.09078,1.09078,1.09072,1.09077,13
2023.04.10,02:20,1.09078,1.09079,1.09076,1.09077,8
2023.04.10,02:21,1.09077,1.09083,1.09077,1.09078,5
2023.04.10,02:22,1.09078,1.09084,1.09078,1.09080,13
2023.04.10,02:23,1.09080,1.09084,1.09076,1.09081,24
2023.04.10,02:24,1.09081,1.09084,1.09077,1.09078,23
2023.04.10,02:25,1.09078,1.09081,1.09074,1.09078,15
2023.04.10,02:26,1.09078,1.09079,1.09075,1.09078,6
2023.04.10,02:27,1.09079,1.09079,1.09076,1.09076,5
2023.04.10,02:28,1.09076,1.09077,1.09075,1.09077,3
2023.04.10,02:29,1.09077,1.09078,1.09076,1.09076,3
2023.04.10,02:30,1.09076,1.09077,1.09074,1.09076,8
2023.04.10,02:31,1.09075,1.09076,1.09072,1.09075,32
2023.04.10,02:32,1.09075,1.09081,1.09072,1.09078,72
2023.04.10,02:33,1.09080,1.09086,1.09078,1.09081,46
2023.04.10,02:34,1.09082,1.09084,1.09077,1.09078,30
2023.04.10,02:35,1.09078,1.09079,1.09077,1.09079,6
2023.04.10,02:36,1.09079,1.09081,1.09078,1.09080,16
2023.04.10,02:37,1.09077,1.09083,1.09075,1.09078,18
2023.04.10,02:38,1.09078,1.09080,1.09070,1.09077,20
2023.04.10,02:39,1.09077,1.09114,1.09076,1.09114,13
2023.04.10,02:40,1.09114,1.09114,1.09090,1.09090,8
2023.04.10,02:41,1.09090,1.09091,1.09080,1.09081,23
2023.04.10,02:42,1.09082,1.09083,1.09081,1.09083,12
2023.04.10,02:43,1.09082,1.09096,1.09081,1.09095,17
2023.04.10,02:44,1.09095,1.09096,1.09095,1.09096,4
2023.04.10,02:45,1.09096,1.09096,1.09086,1.09091,21
2023.04.10,02:46,1.09091,1.09097,1.09091,1.09096,15
2023.04.10,02:47,1.09095,1.09098,1.09094,1.09094,5
2023.04.10,02:48,1.09094,1.09106,1.09094,1.09106,11
2023.04.10,02:49,1.09103,1.09107,1.09103,1.09107,6
2023.04.10,02:50,1.09106,1.09106,1.09101,1.09101,6
2023.04.10,02:51,1.09101,1.09101,1.09086,1.09086,6
2023.04.10,02:52,1.09087,1.09089,1.09081,1.09081,11
2023.04.10,02:53,1.09081,1.09084,1.09081,1.09083,10
2023.04.10,02:54,1.09082,1.09084,1.09077,1.09083,70
2023.04.10,02:55,1.09084,1.09089,1.09079,1.09084,63
2023.04.10,02:56,1.09084,1.09084,1.09074,1.09074,15
2023.04.10,02:57,1.09070,1.09074,1.09070,1.09073,16
2023.04.10,02:58,1.09074,1.09080,1.09073,1.09077,8
2023.04.10,02:59,1.09078,1.09088,1.09078,1.09088,21
2023.04.10,03:00,1.09092,1.09097,1.09085,1.09096,45
2023.04.10,03:01,1.09097,1.09099,1.09094,1.09095,22
2023.04.10,03:02,1.09095,1.09095,1.09090,1.09094,19
2023.04.10,03:03,1.09095,1.09095,1.09093,1.09094,6
2023.04.10,03:04,1.09094,1.09094,1.09090,1.09093,8
2023.04.10,03:05,1.09093,1.09104,1.09090,1.09099,46
2023.04.10,03:06,1.09099,1.09100,1.09091,1.09091,11
2023.04.10,03:07,1.09087,1.09087,1.09079,1.09085,17
2023.04.10,03:08,1.09085,1.09092,1.09085,1.09092,14
2023.04.10,03:09,1.09092,1.09092,1.09085,1.09086,12
2023.04.10,03:10,1.09086,1.09090,1.09086,1.09088,7
2023.04.10,03:11,1.09089,1.09089,1.09086,1.09088,16
2023.04.10,03:12,1.09088,1.09088,1.09080,1.09082,45
2023.04.10,03:13,1.09083,1.09085,1.09081,1.09081,9
2023.04.10,03:14,1.09080,1.09085,1.09080,1.09082,38
2023.04.10,03:15,1.09083,1.09085,1.09081,1.09082,35
2023.04.10,03:16,1.09081,1.09082,1.09075,1.09076,9
2023.04.10,03:17,1.09076,1.09076,1.09063,1.09066,22
2023.04.10,03:18,1.09065,1.09069,1.09063,1.09063,36
2023.04.10,03:19,1.09065,1.09069,1.09063,1.09064,27
2023.04.10,03:20,1.09063,1.09069,1.09063,1.09068,18
2023.04.10,03:21,1.09074,1.09077,1.09069,1.09073,16
2023.04.10,03:22,1.09073,1.09073,1.09068,1.09068,15
2023.04.10,03:23,1.09068,1.09078,1.09068,1.09075,17
2023.04.10,03:24,1.09078,1.09083,1.09075,1.09083,14
2023.04.10,03:25,1.09082,1.09084,1.09076,1.09076,14
2023.04.10,03:26,1.09076,1.09077,1.09072,1.09077,7
2023.04.10,03:27,1.09075,1.09081,1.09075,1.09077,9
2023.04.10,03:28,1.09080,1.09083,1.09073,1.09077,15
2023.04.10,03:29,1.09074,1.09080,1.09074,1.09077,8
2023.04.10,03:30,1.09077,1.09081,1.09074,1.09078,13
2023.04.10,03:31,1.09083,1.09083,1.09078,1.09083,6
2023.04.10,03:32,1.09081,1.09085,1.09081,1.09085,3
2023.04.10,03:33,1.09085,1.09085,1.09079,1.09083,7
2023.04.10,03:34,1.09083,1.09098,1.09081,1.09098,6
2023.04.10,03:35,1.09098,1.09114,1.09097,1.09113,13
2023.04.10,03:36,1.09113,1.09128,1.09113,1.09121,18
2023.04.10,03:37,1.09121,1.09121,1.09110,1.09111,25
2023.04.10,03:38,1.09113,1.09122,1.09111,1.09121,9
2023.04.10,03:39,1.09121,1.09125,1.09121,1.09124,7
2023.04.10,03:40,1.09125,1.09134,1.09119,1.09134,17
2023.04.10,03:41,1.09134,1.09134,1.09125,1.09125,9
2023.04.10,03:42,1.09126,1.09126,1.09116,1.09116,19
2023.04.10,03:43,1.09118,1.09118,1.09111,1.09111,8
2023.04.10,03:44,1.09115,1.09115,1.09104,1.09108,15
2023.04.10,03:45,1.09109,1.09109,1.09108,1.09108,4
2023.04.10,03:46,1.09108,1.09118,1.09108,1.09118,7
2023.04.10,03:47,1.09118,1.09119,1.09114,1.09115,7
2023.04.10,03:48,1.09114,1.09119,1.09114,1.09118,7
2023.04.10,03:49,1.09118,1.09122,1.09114,1.09114,13
2023.04.10,03:50,1.09114,1.09119,1.09114,1.09116,12
2023.04.10,03:51,1.09115,1.09117,1.09109,1.09109,12
2023.04.10,03:52,1.09111,1.09115,1.09109,1.09115,12
2023.04.10,03:53,1.09115,1.09115,1.09111,1.09114,6
2023.04.10,03:54,1.09114,1.09116,1.09112,1.09112,25
2023.04.10,03:55,1.09113,1.09126,1.09113,1.09125,19
2023.04.10,03:56,1.09125,1.09133,1.09124,1.09124,21
2023.04.10,03:57,1.09125,1.09126,1.09122,1.09124,34
2023.04.10,03:58,1.09124,1.09131,1.09123,1.09130,13
2023.04.10,03:59,1.09131,1.09135,1.09130,1.09130,17
2023.04.10,04:00,1.09134,1.09146,1.09134,1.09143,51
2023.04.10,04:01,1.09143,1.09147,1.09124,1.09125,118
2023.04.10,04:02,1.09125,1.09131,1.09124,1.09129,114
2023.04.10,04:03,1.09130,1.09135,1.09127,1.09127,80
2023.04.10,04:04,1.09127,1.09129,1.09118,1.09119,73
2023.04.10,04:05,1.09118,1.09119,1.09112,1.09115,25
2023.04.10,04:06,1.09115,1.09122,1.09115,1.09120,16
2023.04.10,04:07,1.09120,1.09122,1.09117,1.09121,24
2023.04.10,04:08,1.09121,1.09125,1.09121,1.09124,12
2023.04.10,04:09,1.09125,1.09130,1.09124,1.09128,19
2023.04.10,04:10,1.09128,1.09135,1.09127,1.09135,17
2023.04.10,04:11,1.09135,1.09135,1.09132,1.09134,14
2023.04.10,04:12,1.09134,1.09134,1.09131,1.09132,20
2023.04.10,04:13,1.09132,1.09135,1.09132,1.09135,5
2023.04.10,04:14,1.09135,1.09135,1.09122,1.09124,13
2023.04.10,04:15,1.09124,1.09124,1.09105,1.09105,37
2023.04.10,04:16,1.09105,1.09106,1.09093,1.09094,56
2023.04.10,04:17,1.09095,1.09098,1.09085,1.09092,38
2023.04.10,04:18,1.09093,1.09098,1.09090,1.09090,43
2023.04.10,04:19,1.09090,1.09092,1.09077,1.09079,35
2023.04.10,04:20,1.09079,1.09090,1.09078,1.09085,58
2023.04.10,04:21,1.09084,1.09085,1.09073,1.09074,55
2023.04.10,04:22,1.09074,1.09075,1.09059,1.09075,73
2023.04.10,04:23,1.09074,1.09083,1.09072,1.09080,70
2023.04.10,04:24,1.09081,1.09085,1.09077,1.09085,62
2023.04.10,04:25,1.09086,1.09088,1.09066,1.09074,49
2023.04.10,04:26,1.09074,1.09086,1.09074,1.09085,14
2023.04.10,04:27,1.09090,1.09094,1.09085,1.09090,40
2023.04.10,04:28,1.09090,1.09091,1.09082,1.09091,19
2023.04.10,04:29,1.09091,1.09091,1.09088,1.09088,10
2023.04.10,04:30,1.09088,1.09090,1.09081,1.09089,21
2023.04.10,04:31,1.09089,1.09091,1.09088,1.09091,9
2023.04.10,04:32,1.09093,1.09093,1.09080,1.09082,20
2023.04.10,04:33,1.09082,1.09082,1.09060,1.09070,39
2023.04.10,04:34,1.09070,1.09080,1.09070,1.09071,30
2023.04.10,04:35,1.09071,1.09076,1.09064,1.09065,33
2023.04.10,04:36,1.09064,1.09069,1.09055,1.09069,42
2023.04.10,04:37,1.09068,1.09068,1.09049,1.09050,60
2023.04.10,04:38,1.09051,1.09056,1.09050,1.09054,47
2023.04.10,04:39,1.09053,1.09053,1.09047,1.09047,22
2023.04.10,04:40,1.09047,1.09050,1.09045,1.09047,30
2023.04.10,04:41,1.09048,1.09053,1.09047,1.09049,24
2023.04.10,04:42,1.09049,1.09050,1.09045,1.09048,64
2023.04.10,04:43,1.09048,1.09065,1.09046,1.09063,37
2023.04.10,04:44,1.09063,1.09065,1.09059,1.09060,39
2023.04.10,04:45,1.09061,1.09061,1.09045,1.09049,41
2023.04.10,04:46,1.09050,1.09052,1.09036,1.09043,47
2023.04.10,04:47,1.09042,1.09045,1.09038,1.09039,15
2023.04.10,04:48,1.09039,1.09045,1.09039,1.09043,21
2023.04.10,04:49,1.09043,1.09047,1.09039,1.09043,27
2023.04.10,04:50,1.09043,1.09059,1.09043,1.09056,33
2023.04.10,04:51,1.09056,1.09057,1.09049,1.09049,35
2023.04.10,04:52,1.09050,1.09050,1.09036,1.09045,23
2023.04.10,04:53,1.09047,1.09050,1.09040,1.09042,16
2023.04.10,04:54,1.09042,1.09067,1.09041,1.09064,47
2023.04.10,04:55,1.09068,1.09085,1.09067,1.09072,83
2023.04.10,04:56,1.09071,1.09075,1.09063,1.09064,48
2023.04.10,04:57,1.09064,1.09065,1.09045,1.09045,33
2023.04.10,04:58,1.09046,1.09051,1.09045,1.09045,37
2023.04.10,04:59,1.09045,1.09046,1.09034,1.09034,29
2023.04.10,05:00,1.09035,1.09048,1.09025,1.09044,80
2023.04.10,05:01,1.09044,1.09044,1.09032,1.09038,84
2023.04.10,05:02,1.09038,1.09048,1.09034,1.09038,71
2023.04.10,05:03,1.09037,1.09038,1.09034,1.09035,12
2023.04.10,05:04,1.09034,1.09054,1.09034,1.09054,35
2023.04.10,05:05,1.09053,1.09061,1.09053,1.09055,19
2023.04.10,05:06,1.09055,1.09059,1.09046,1.09046,42
2023.04.10,05:07,1.09046,1.09063,1.09046,1.09061,19
2023.04.10,05:08,1.09060,1.09067,1.09058,1.09058,44
2023.04.10,05:09,1.09058,1.09059,1.09057,1.09057,36
2023.04.10,05:10,1.09057,1.09065,1.09053,1.09060,41
2023.04.10,05:11,1.09060,1.09068,1.09060,1.09062,36
2023.04.10,05:12,1.09061,1.09065,1.09055,1.09060,37
2023.04.10,05:13,1.09060,1.09065,1.09057,1.09057,44
2023.04.10,05:14,1.09057,1.09065,1.09055,1.09057,45
2023.04.10,05:15,1.09056,1.09057,1.09044,1.09044,26
2023.04.10,05:16,1.09044,1.09044,1.09034,1.09040,47
2023.04.10,05:17,1.09039,1.09040,1.09035,1.09039,23
2023.04.10,05:18,1.09039,1.09060,1.09039,1.09051,24
2023.04.10,05:19,1.09051,1.09060,1.09051,1.09058,15
2023.04.10,05:20,1.09058,1.09058,1.09050,1.09051,25
2023.04.10,05:21,1.09050,1.09050,1.09035,1.09035,43
2023.04.10,05:22,1.09035,1.09041,1.09032,1.09041,31
2023.04.10,05:23,1.09041,1.09046,1.09040,1.09046,16
2023.04.10,05:24,1.09046,1.09046,1.09024,1.09024,47
2023.04.10,05:25,1.09025,1.09025,1.09014,1.09015,31
2023.04.10,05:26,1.09015,1.09022,1.09006,1.09021,51
2023.04.10,05:27,1.09021,1.09034,1.09019,1.09034,23
2023.04.10,05:28,1.09034,1.09043,1.09031,1.09043,35
2023.04.10,05:29,1.09043,1.09043,1.09038,1.09038,15
2023.04.10,05:30,1.09037,1.09038,1.09024,1.09024,32
2023.04.10,05:31,1.09024,1.09025,1.09010,1.09014,32
2023.04.10,05:32,1.09014,1.09018,1.09009,1.09016,18
2023.04.10,05:33,1.09016,1.09017,1.08998,1.08999,35
2023.04.10,05:34,1.08994,1.08994,1.08977,1.08977,58
2023.04.10,05:35,1.08977,1.09011,1.08977,1.09004,58
2023.04.10,05:36,1.09005,1.09006,1.08984,1.08988,51
2023.04.10,05:37,1.08988,1.08998,1.08987,1.08998,16
2023.04.10,05:38,1.08998,1.09001,1.08978,1.08981,45
2023.04.10,05:39,1.08981,1.08988,1.08981,1.08983,32
2023.04.10,05:40,1.08983,1.08984,1.08974,1.08983,18
2023.04.10,05:41,1.08983,1.08996,1.08983,1.08990,45
2023.04.10,05:42,1.08989,1.08990,1.08979,1.08984,18
2023.04.10,05:43,1.08983,1.08993,1.08982,1.08990,26
2023.04.10,05:44,1.08990,1.08995,1.08990,1.08995,10
2023.04.10,05:45,1.08994,1.08994,1.08983,1.08985,33
2023.04.10,05:46,1.08985,1.08987,1.08979,1.08980,33
2023.04.10,05:47,1.08980,1.08983,1.08979,1.08980,23
2023.04.10,05:48,1.08979,1.08985,1.08979,1.08984,11
2023.04.10,05:49,1.08982,1.08985,1.08978,1.08981,22
2023.04.10,05:50,1.08980,1.08990,1.08978,1.08989,26
2023.04.10,05:51,1.08989,1.09004,1.08989,1.09002,23
2023.04.10,05:52,1.09002,1.09012,1.09001,1.09003,28
2023.04.10,05:53,1.09004,1.09005,1.08990,1.08991,37
2023.04.10,05:54,1.08991,1.08995,1.08978,1.08978,40
2023.04.10,05:55,1.08979,1.08980,1.08975,1.08979,35
2023.04.10,05:56,1.08979,1.08988,1.08979,1.08985,17
2023.04.10,05:57,1.08985,1.08992,1.08983,1.08987,24
2023.04.10,05:58,1.08987,1.08997,1.08985,1.08997,24
2023.04.10,05:59,1.08997,1.09006,1.08997,1.09005,24
2023.04.10,06:00,1.09005,1.09009,1.09001,1.09008,19
2023.04.10,06:01,1.09007,1.09015,1.09002,1.09004,36
2023.04.10,06:02,1.09004,1.09007,1.09002,1.09005,38
2023.04.10,06:03,1.09005,1.09009,1.09003,1.09008,24
2023.04.10,06:04,1.09007,1.09022,1.09006,1.09022,27
2023.04.10,06:05,1.09022,1.09022,1.09002,1.09004,28
2023.04.10,06:06,1.09006,1.09006,1.08996,1.08997,20
2023.04.10,06:07,1.08996,1.09007,1.08996,1.09004,36
2023.04.10,06:08,1.09006,1.09016,1.09005,1.09009,27
2023.04.10,06:09,1.09009,1.09015,1.09009,1.09012,20
2023.04.10,06:10,1.09011,1.09016,1.09004,1.09015,46
2023.04.10,06:11,1.09015,1.09024,1.09014,1.09024,31
2023.04.10,06:12,1.09024,1.09029,1.09023,1.09027,36
2023.04.10,06:13,1.09027,1.09027,1.09020,1.09026,41
2023.04.10,06:14,1.09027,1.09029,1.09019,1.09019,31
2023.04.10,06:15,1.09019,1.09019,1.09013,1.09016,26
2023.04.10,06:16,1.09016,1.09019,1.09011,1.09011,22
2023.04.10,06:17,1.09009,1.09013,1.09009,1.09013,14
2023.04.10,06:18,1.09013,1.09017,1.09013,1.09017,17
2023.04.10,06:19,1.09017,1.09019,1.09017,1.09019,3
2023.04.10,06:20,1.09019,1.09025,1.09018,1.09024,16
2023.04.10,06:21,1.09024,1.09025,1.09010,1.09013,28
2023.04.10,06:22,1.09013,1.09023,1.09012,1.09021,34
2023.04.10,06:23,1.09022,1.09029,1.09016,1.09016,37
2023.04.10,06:24,1.09015,1.09021,1.09007,1.09009,19
2023.04.10,06:25,1.09009,1.09012,1.09002,1.09006,16
2023.04.10,06:26,1.09007,1.09011,1.09005,1.09010,23
2023.04.10,06:27,1.09011,1.09017,1.09006,1.09015,21
2023.04.10,06:28,1.09015,1.09024,1.09014,1.09016,18
2023.04.10,06:29,1.09016,1.09020,1.09013,1.09013,10
2023.04.10,06:30,1.09013,1.09019,1.09010,1.09014,26
2023.04.10,06:31,1.09014,1.09019,1.09014,1.09017,12
2023.04.10,06:32,1.09017,1.09017,1.09010,1.09014,27
2023.04.10,06:33,1.09014,1.09014,1.09011,1.09013,11
2023.04.10,06:34,1.09012,1.09014,1.08999,1.09003,37
2023.04.10,06:35,1.09003,1.09006,1.09002,1.09006,54
2023.04.10,06:36,1.09005,1.09009,1.09002,1.09003,23
2023.04.10,06:37,1.09003,1.09005,1.09001,1.09002,19
2023.04.10,06:38,1.09003,1.09005,1.08995,1.08998,24
2023.04.10,06:39,1.08998,1.09010,1.08998,1.08999,29
2023.04.10,06:40,1.08999,1.09005,1.08999,1.09003,13
2023.04.10,06:41,1.09003,1.09003,1.09001,1.09002,24
2023.04.10,06:42,1.09002,1.09005,1.08998,1.09000,26
2023.04.10,06:43,1.09000,1.09001,1.08998,1.09000,12
2023.04.10,06:44,1.09000,1.09008,1.09000,1.09006,19
2023.04.10,06:45,1.09005,1.09008,1.09000,1.09002,26
2023.04.10,06:46,1.09001,1.09002,1.08995,1.08996,20
2023.04.10,06:47,1.08996,1.08999,1.08996,1.08997,19
2023.04.10,06:48,1.08997,1.08998,1.08992,1.08992,16
2023.04.10,06:49,1.08993,1.08996,1.08992,1.08996,12
2023.04.10,06:50,1.08996,1.09001,1.08995,1.09000,15
2023.04.10,06:51,1.09001,1.09002,1.08998,1.09000,9
2023.04.10,06:52,1.09000,1.09002,1.08995,1.09000,15
2023.04.10,06:53,1.09000,1.09002,1.09000,1.09000,13
2023.04.10,06:54,1.09000,1.09000,1.08995,1.08997,13
2023.04.10,06:55,1.08996,1.09001,1.08996,1.09000,20
2023.04.10,06:56,1.09001,1.09005,1.09000,1.09001,11
2023.04.10,06:57,1.09001,1.09001,1.08985,1.08985,16
2023.04.10,06:58,1.08985,1.08988,1.08984,1.08984,12
2023.04.10,06:59,1.08984,1.08986,1.08983,1.08985,14
2023.04.10,07:00,1.08985,1.08987,1.08978,1.08978,29
2023.04.10,07:01,1.08978,1.08986,1.08972,1.08973,52
2023.04.10,07:02,1.08973,1.08979,1.08967,1.08979,20
2023.04.10,07:03,1.08979,1.08986,1.08979,1.08982,17
2023.04.10,07:04,1.08984,1.08984,1.08982,1.08983,14
2023.04.10,07:05,1.08983,1.08987,1.08982,1.08982,16
2023.04.10,07:06,1.08982,1.08993,1.08982,1.08993,15
2023.04.10,07:07,1.08993,1.08993,1.08985,1.08985,6
2023.04.10,07:08,1.08985,1.08985,1.08985,1.08985,1
2023.04.10,07:09,1.08989,1.08989,1.08985,1.08986,6
2023.04.10,07:10,1.08986,1.08986,1.08984,1.08985,12
2023.04.10,07:11,1.08985,1.08986,1.08982,1.08986,9
2023.04.10,07:12,1.08986,1.08986,1.08982,1.08983,5
2023.04.10,07:13,1.08982,1.08992,1.08982,1.08988,30
2023.04.10,07:14,1.08988,1.08993,1.08988,1.08989,13
2023.04.10,07:15,1.08989,1.08997,1.08985,1.08997,25
2023.04.10,07:16,1.08996,1.08998,1.08995,1.08996,12
2023.04.10,07:17,1.08995,1.08995,1.08993,1.08995,9
2023.04.10,07:18,1.08995,1.08997,1.08995,1.08997,2
2023.04.10,07:19,1.08998,1.09004,1.08998,1.09000,24
2023.04.10,07:20,1.09000,1.09000,1.08993,1.08995,18
2023.04.10,07:21,1.08995,1.08998,1.08994,1.08996,14
2023.04.10,07:22,1.08996,1.09000,1.08996,1.08997,24
2023.04.10,07:23,1.08997,1.08997,1.08996,1.08996,10
2023.04.10,07:24,1.08997,1.09009,1.08996,1.09008,18
2023.04.10,07:25,1.09006,1.09009,1.09006,1.09008,8
2023.04.10,07:26,1.09008,1.09008,1.09008,1.09008,1
2023.04.10,07:27,1.09008,1.09014,1.09007,1.09014,7
2023.04.10,07:28,1.09014,1.09016,1.09013,1.09014,8
2023.04.10,07:29,1.09013,1.09014,1.09012,1.09013,7
2023.04.10,07:30,1.09013,1.09015,1.09013,1.09015,4
2023.04.10,07:31,1.09014,1.09015,1.09011,1.09012,7
2023.04.10,07:32,1.09011,1.09011,1.09001,1.09002,18
2023.04.10,07:33,1.09003,1.09008,1.09000,1.09007,17
2023.04.10,07:34,1.09007,1.09007,1.09003,1.09005,13
2023.04.10,07:35,1.09004,1.09005,1.09002,1.09003,15
2023.04.10,07:36,1.09003,1.09008,1.09003,1.09007,11
2023.04.10,07:37,1.09007,1.09008,1.09004,1.09006,25
2023.04.10,07:38,1.09006,1.09011,1.09004,1.09010,37
2023.04.10,07:39,1.09010,1.09010,1.09002,1.09003,33
2023.04.10,07:40,1.09003,1.09005,1.09002,1.09002,15
2023.04.10,07:41,1.09002,1.09006,1.09000,1.09001,16
2023.04.10,07:42,1.09002,1.09002,1.08993,1.08993,20
2023.04.10,07:43,1.08993,1.08993,1.08985,1.08985,16
2023.04.10,07:44,1.08985,1.08993,1.08985,1.08993,10
2023.04.10,07:45,1.08994,1.08996,1.08992,1.08992,10
2023.04.10,07:46,1.08992,1.08992,1.08981,1.08981,20
2023.04.10,07:47,1.08981,1.08984,1.08981,1.08983,9
2023.04.10,07:48,1.08983,1.08986,1.08983,1.08986,10
2023.04.10,07:49,1.08986,1.08986,1.08978,1.08982,31
2023.04.10,07:50,1.08983,1.08994,1.08983,1.08993,12
2023.04.10,07:51,1.08993,1.08993,1.08989,1.08991,14
2023.04.10,07:52,1.08989,1.08991,1.08985,1.08985,22
2023.04.10,07:53,1.08987,1.08989,1.08985,1.08989,10
2023.04.10,07:54,1.08990,1.08990,1.08985,1.08988,12
2023.04.10,07:55,1.08988,1.08989,1.08980,1.08980,23
2023.04.10,07:56,1.08981,1.08981,1.08978,1.08980,10
2023.04.10,07:57,1.08978,1.08979,1.08976,1.08978,10
2023.04.10,07:58,1.08979,1.08981,1.08978,1.08979,23
2023.04.10,07:59,1.08979,1.08992,1.08979,1.08991,41
2023.04.10,08:00,1.08991,1.08993,1.08974,1.08974,27
2023.04.10,08:01,1.08974,1.08981,1.08974,1.08978,16
2023.04.10,08:02,1.08978,1.08978,1.08967,1.08969,23
2023.04.10,08:03,1.08969,1.08969,1.08955,1.08956,25
2023.04.10,08:04,1.08956,1.08958,1.08955,1.08958,14
2023.04.10,08:05,1.08958,1.08959,1.08951,1.08951,19
2023.04.10,08:06,1.08951,1.08960,1.08947,1.08960,29
2023.04.10,08:07,1.08961,1.08963,1.08956,1.08960,52
2023.04.10,08:08,1.08959,1.08966,1.08959,1.08966,27
2023.04.10,08:09,1.08966,1.08974,1.08966,1.08973,26
2023.04.10,08:10,1.08974,1.08975,1.08969,1.08971,23
2023.04.10,08:11,1.08971,1.08971,1.08968,1.08969,21
2023.04.10,08:12,1.08969,1.08975,1.08965,1.08972,26