2020.01.01,00:00,1.12167,1.12178,1.12144,1.12154,426
2020.01.02,00:00,1.12132,1.12143,1.11635,1.11662,28384
2020.01.03,00:00,1.11662,1.11797,1.11250,1.11673,39896
2020.01.04,00:00,1.11673,1.11673,1.11520,1.11558,1573
2020.01.06,00:00,1.11646,1.12054,1.11571,1.11912,31124
2020.01.07,00:00,1.11912,1.11989,1.11335,1.11444,35457
2020.01.08,00:00,1.11444,1.11681,1.11082,1.11110,50144
2020.01.09,00:00,1.11112,1.11203,1.10923,1.11059,32942
2020.01.10,00:00,1.11059,1.11291,1.10850,1.11220,30265
2020.01.11,00:00,1.11220,1.11224,1.11193,1.11212,1249
2020.01.13,00:00,1.11162,1.11469,1.11127,1.11381,24759
2020.01.14,00:00,1.11381,1.11444,1.11042,1.11280,31545
2020.01.15,00:00,1.11280,1.11633,1.11185,1.11503,28940
2020.01.16,00:00,1.11503,1.11726,1.11278,1.11349,30582
2020.01.17,00:00,1.11348,1.11425,1.10862,1.10931,28330
2020.01.18,00:00,1.10931,1.10932,1.10890,1.10893,1182
2020.01.20,00:00,1.10920,1.11024,1.10766,1.10918,16989
2020.01.21,00:00,1.10918,1.11180,1.10855,1.10947,29085
2020.01.22,00:00,1.10947,1.10983,1.10701,1.10919,30402
2020.01.23,00:00,1.10918,1.11087,1.10363,1.10552,37131
2020.01.24,00:00,1.10552,1.10617,1.10196,1.10296,32558
2020.01.25,00:00,1.10296,1.10301,1.10238,1.10255,2135
2020.01.27,00:00,1.10295,1.10375,1.10096,1.10162,32053
2020.01.28,00:00,1.10162,1.10251,1.09977,1.10166,28421
2020.01.29,00:00,1.10166,1.10277,1.09922,1.10203,26974
2020.01.30,00:00,1.10203,1.10393,1.10015,1.10299,34298
2020.01.31,00:00,1.10298,1.10903,1.10168,1.10894,37855
2020.02.01,00:00,1.10894,1.10951,1.10849,1.10943,2914
2020.02.03,00:00,1.10907,1.10927,1.10349,1.10634,33687
2020.02.04,00:00,1.10635,1.10642,1.10327,1.10419,32494
2020.02.05,00:00,1.10419,1.10478,1.09935,1.09959,33815
2020.02.06,00:00,1.09959,1.10138,1.09643,1.09768,28744
2020.02.07,00:00,1.09768,1.09849,1.09418,1.09462,38750
2020.02.08,00:00,1.09462,1.09478,1.09424,1.09430,1301
2020.02.10,00:00,1.09424,1.09574,1.09090,1.09138,26695
2020.02.11,00:00,1.09141,1.09247,1.08912,1.09217,31256
2020.02.12,00:00,1.09217,1.09255,1.08651,1.08663,30612
2020.02.13,00:00,1.08663,1.08887,1.08339,1.08433,34371
2020.02.14,00:00,1.08433,1.08612,1.08272,1.08395,29215
2020.02.15,00:00,1.08395,1.08412,1.08291,1.08301,1713
2020.02.17,00:00,1.08397,1.08509,1.08291,1.08335,19415
2020.02.18,00:00,1.08335,1.08372,1.07852,1.07939,34720
2020.02.19,00:00,1.07939,1.08079,1.07821,1.07964,32075
2020.02.20,00:00,1.07964,1.08211,1.07775,1.07895,41616
2020.02.21,00:00,1.07894,1.08634,1.07828,1.08577,40822
2020.02.22,00:00,1.08577,1.08577,1.08464,1.08474,1684
2020.02.24,00:00,1.08250,1.08720,1.08049,1.08425,51318
2020.02.25,00:00,1.08427,1.08901,1.08300,1.08814,59691
2020.02.26,00:00,1.08815,1.09087,1.08549,1.08995,62065
2020.02.27,00:00,1.08995,1.10066,1.08765,1.09872,74813
2020.02.28,00:00,1.09869,1.10531,1.09508,1.10295,95375
2020.02.29,00:00,1.10293,1.10460,1.10244,1.10293,6700
2020.03.02,00:00,1.10407,1.11845,1.10362,1.11637,81476
2020.03.03,00:00,1.11637,1.12130,1.10951,1.11758,80253
2020.03.04,00:00,1.11757,1.11875,1.10953,1.11388,66116
2020.03.05,00:00,1.11388,1.12177,1.11195,1.12004,58341
2020.03.06,00:00,1.12004,1.13546,1.11937,1.13178,91964
2020.03.07,00:00,1.13177,1.13256,1.12888,1.12901,7333
2020.03.09,00:00,1.13469,1.14964,1.13397,1.14516,182402
2020.03.10,00:00,1.14516,1.14655,1.12743,1.12998,191513
2020.03.11,00:00,1.12999,1.13662,1.12572,1.12725,129585
2020.03.12,00:00,1.12725,1.13332,1.10554,1.11805,169802
2020.03.13,00:00,1.11797,1.12261,1.10549,1.11133,170851
2020.03.14,00:00,1.11134,1.11173,1.10799,1.11025,3556
2020.03.16,00:00,1.11886,1.12364,1.10846,1.11751,202763
2020.03.17,00:00,1.11739,1.11890,1.09550,1.10013,177613
2020.03.18,00:00,1.10013,1.10450,1.08016,1.08986,200279
2020.03.19,00:00,1.08980,1.09817,1.06549,1.06797,220644
2020.03.20,00:00,1.06796,1.08309,1.06375,1.06648,245109
2020.03.21,00:00,1.06647,1.06991,1.06622,1.06935,3476
2020.03.23,00:00,1.06937,1.08274,1.06355,1.07253,217970
2020.03.24,00:00,1.07254,1.08880,1.07198,1.07714,171106
2020.03.25,00:00,1.07714,1.08890,1.07601,1.08836,167773
2020.03.26,00:00,1.08836,1.10539,1.08689,1.10535,149378
2020.03.27,00:00,1.10534,1.11292,1.09533,1.11223,140355
2020.03.28,00:00,1.11223,1.11470,1.11198,1.11431,2561
2020.03.30,00:00,1.11159,1.11439,1.10099,1.10266,104118
2020.03.31,00:00,1.10266,1.10555,1.09266,1.10318,135736
2020.04.01,00:00,1.10318,1.10390,1.09027,1.09476,102178
2020.04.02,00:00,1.09477,1.09696,1.08205,1.08494,105330
2020.04.03,00:00,1.08494,1.08664,1.07727,1.08092,93844
2020.04.04,00:00,1.08091,1.08172,1.08028,1.08127,2092
2020.04.06,00:00,1.08088,1.08354,1.07682,1.07979,93180
2020.04.07,00:00,1.07981,1.09259,1.07834,1.09046,89823
2020.04.08,00:00,1.09045,1.09045,1.08298,1.08531,79274
2020.04.09,00:00,1.08531,1.09515,1.08409,1.09359,81514
2020.04.10,00:00,1.09359,1.09522,1.09185,1.09354,43574
2020.04.11,00:00,1.09363,1.09401,1.09342,1.09347,3084
2020.04.13,00:00,1.09428,1.09676,1.08925,1.09169,87280
2020.04.14,00:00,1.09169,1.09870,1.08987,1.09856,112407
2020.04.15,00:00,1.09856,1.09907,1.08562,1.09133,101471
2020.04.16,00:00,1.09134,1.09177,1.08166,1.08460,122758
2020.04.17,00:00,1.08460,1.08925,1.08119,1.08689,124692
2020.04.18,00:00,1.08689,1.08754,1.08643,1.08739,2137
2020.04.20,00:00,1.08625,1.08965,1.08411,1.08566,90858
2020.04.21,00:00,1.08566,1.08801,1.08164,1.08592,108045
2020.04.22,00:00,1.08592,1.08851,1.08032,1.08180,83000
2020.04.23,00:00,1.08180,1.08466,1.07560,1.07820,121872
2020.04.24,00:00,1.07820,1.08197,1.07269,1.08108,99620
2020.04.25,00:00,1.08108,1.08257,1.08080,1.08244,3309
2020.04.27,00:00,1.08208,1.08602,1.08112,1.08291,94053
2020.04.28,00:00,1.08290,1.08883,1.08096,1.08326,77067
2020.04.29,00:00,1.08325,1.08855,1.08176,1.08751,74504
2020.04.30,00:00,1.08753,1.09724,1.08328,1.09560,84526
2020.05.01,00:00,1.09560,1.10180,1.09343,1.09791,55909
2020.05.02,00:00,1.09790,1.09805,1.09731,1.09802,1133
2020.05.04,00:00,1.09684,1.09743,1.08956,1.08973,53747
2020.05.05,00:00,1.08976,1.09257,1.08257,1.08464,58127
2020.05.06,00:00,1.08464,1.08476,1.07818,1.07934,54042
2020.05.07,00:00,1.07934,1.08334,1.07664,1.08291,60894
2020.05.08,00:00,1.08292,1.08755,1.08150,1.08370,48432
2020.05.09,00:00,1.08370,1.08400,1.08345,1.08386,950
2020.05.11,00:00,1.08240,1.08503,1.08026,1.08145,48046
2020.05.12,00:00,1.08147,1.08852,1.07843,1.08501,54727
2020.05.13,00:00,1.08501,1.08963,1.08115,1.08148,58515
2020.05.14,00:00,1.08148,1.08238,1.07748,1.07995,53179
2020.05.15,00:00,1.07995,1.08505,1.07888,1.08171,50300
2020.05.16,00:00,1.08170,1.08203,1.08125,1.08187,1366
2020.05.18,00:00,1.08014,1.09269,1.07998,1.09208,47782
2020.05.19,00:00,1.09208,1.09759,1.09021,1.09255,51122
2020.05.20,00:00,1.09257,1.09989,1.09165,1.09812,46954
2020.05.21,00:00,1.09811,1.10082,1.09372,1.09495,46025
2020.05.22,00:00,1.09496,1.09536,1.08852,1.09038,43064
2020.05.23,00:00,1.09038,1.09043,1.09001,1.09022,821
2020.05.25,00:00,1.08953,1.09144,1.08706,1.08963,25780
2020.05.26,00:00,1.08965,1.09958,1.08919,1.09815,46608
2020.05.27,00:00,1.09818,1.10306,1.09339,1.09972,71726
2020.05.28,00:00,1.09972,1.10934,1.09917,1.10712,64446
2020.05.29,00:00,1.10712,1.11450,1.10669,1.10994,76260
2020.05.30,00:00,1.10995,1.11082,1.10980,1.11076,1481
2020.06.01,00:00,1.11150,1.11536,1.11003,1.11350,60729
2020.06.02,00:00,1.11351,1.11957,1.11151,1.11650,69016
2020.06.03,00:00,1.11656,1.12576,1.11632,1.12419,77197
2020.06.04,00:00,1.12423,1.13621,1.11947,1.13301,81245
2020.06.05,00:00,1.13302,1.13837,1.12793,1.12914,79411
2020.06.06,00:00,1.12915,1.12917,1.12782,1.12874,1255
2020.06.08,00:00,1.12932,1.13195,1.12682,1.12970,62505
2020.06.09,00:00,1.12970,1.13635,1.12409,1.13366,71618
2020.06.10,00:00,1.13365,1.14222,1.13215,1.13893,77334
2020.06.11,00:00,1.13895,1.14035,1.12922,1.12991,101518
2020.06.12,00:00,1.12991,1.13402,1.12125,1.12526,94419
2020.06.13,00:00,1.12528,1.12604,1.12520,1.12604,1342
2020.06.15,00:00,1.12356,1.13323,1.12263,1.13141,88882
2020.06.16,00:00,1.13144,1.13531,1.12276,1.12615,81313
2020.06.17,00:00,1.12614,1.12939,1.12070,1.12389,76094
2020.06.18,00:00,1.12389,1.12612,1.11854,1.12024,72441
2020.06.19,00:00,1.12025,1.12542,1.11681,1.11862,67191
2020.06.20,00:00,1.11863,1.11880,1.11718,1.11765,1559
2020.06.22,00:00,1.11819,1.12697,1.11684,1.12555,55931
2020.06.23,00:00,1.12557,1.13483,1.12330,1.13030,72591
2020.06.24,00:00,1.13029,1.13257,1.12508,1.12518,59881
2020.06.25,00:00,1.12522,1.12595,1.11902,1.12210,54244
2020.06.26,00:00,1.12206,1.12391,1.11951,1.12269,41083
2020.06.27,00:00,1.12264,1.12291,1.12174,1.12179,819
2020.06.29,00:00,1.12146,1.12876,1.12146,1.12363,41553
2020.06.30,00:00,1.12363,1.12616,1.11909,1.12336,48416
2020.07.01,00:00,1.12335,1.12749,1.11847,1.12507,46023
2020.07.02,00:00,1.12506,1.13025,1.12231,1.12385,45594
2020.07.03,00:00,1.12384,1.12489,1.12192,1.12443,36891
2020.07.04,00:00,1.12447,1.12524,1.12377,1.12482,3604
2020.07.06,00:00,1.12430,1.13455,1.12406,1.13089,42970
2020.07.07,00:00,1.13089,1.13323,1.12587,1.12716,46534
2020.07.08,00:00,1.12718,1.13515,1.12621,1.13320,46392
2020.07.09,00:00,1.13314,1.13706,1.12841,1.12851,53525
2020.07.10,00:00,1.12852,1.13247,1.12548,1.13003,44118
2020.07.11,00:00,1.13004,1.13036,1.12948,1.12965,602
2020.07.13,00:00,1.13015,1.13748,1.13008,1.13495,44859
2020.07.14,00:00,1.13496,1.14085,1.13250,1.13887,54213
2020.07.15,00:00,1.13887,1.14518,1.13885,1.14089,46793
2020.07.16,00:00,1.14091,1.14419,1.13703,1.13820,47378
2020.07.17,00:00,1.13820,1.14437,1.13745,1.14396,36687
2020.07.18,00:00,1.14396,1.14396,1.14256,1.14258,828
2020.07.20,00:00,1.14042,1.14676,1.14021,1.14480,46062
2020.07.21,00:00,1.14480,1.15396,1.14227,1.15252,50358
2020.07.22,00:00,1.15252,1.16009,1.15066,1.15784,57759
2020.07.23,00:00,1.15781,1.16266,1.15402,1.15923,54710
2020.07.24,00:00,1.15924,1.16475,1.15813,1.16411,53457
2020.07.25,00:00,1.16411,1.16576,1.16406,1.16549,1181
2020.07.27,00:00,1.16431,1.17811,1.16412,1.17453,58762
2020.07.28,00:00,1.17450,1.17735,1.16986,1.17140,59226
2020.07.29,00:00,1.17136,1.18059,1.17126,1.17769,57262
2020.07.30,00:00,1.17767,1.18446,1.17307,1.18446,62494
2020.07.31,00:00,1.18446,1.19086,1.17613,1.17788,75146
2020.08.01,00:00,1.17787,1.17832,1.17693,1.17713,1332
2020.08.03,00:00,1.17697,1.17966,1.16957,1.17640,56552
2020.08.04,00:00,1.17642,1.18060,1.17212,1.18028,55327
2020.08.05,00:00,1.18027,1.19047,1.17929,1.18590,54500
2020.08.06,00:00,1.18590,1.19160,1.18178,1.18746,64023
2020.08.07,00:00,1.18747,1.18827,1.17550,1.17886,61855
2020.08.08,00:00,1.17884,1.17886,1.17839,1.17854,663
2020.08.10,00:00,1.17864,1.18006,1.17362,1.17436,41672
2020.08.11,00:00,1.17427,1.18074,1.17220,1.17356,58730
2020.08.12,00:00,1.17352,1.18165,1.17109,1.17869,59045
2020.08.13,00:00,1.17869,1.18640,1.17796,1.18078,52704
2020.08.14,00:00,1.18079,1.18503,1.17814,1.18357,42253
2020.08.15,00:00,1.18357,1.18415,1.18357,1.18413,644
2020.08.17,00:00,1.18377,1.18810,1.18285,1.18709,38975
2020.08.18,00:00,1.18714,1.19656,1.18655,1.19329,50784
2020.08.19,00:00,1.19331,1.19526,1.18301,1.18455,55333
2020.08.20,00:00,1.18455,1.18685,1.18020,1.18614,58189
2020.08.21,00:00,1.18614,1.18827,1.17542,1.17941,52607
2020.08.22,00:00,1.17941,1.17983,1.17939,1.17964,744
2020.08.24,00:00,1.17929,1.18496,1.17841,1.17919,41793
2020.08.25,00:00,1.17918,1.18436,1.17840,1.18306,48048
2020.08.26,00:00,1.18306,1.18391,1.17721,1.18282,43880
2020.08.27,00:00,1.18281,1.19013,1.17621,1.18193,66652
2020.08.28,00:00,1.18190,1.19196,1.18110,1.18980,62364
2020.08.29,00:00,1.18978,1.19058,1.18970,1.19055,705
2020.08.31,00:00,1.19036,1.19660,1.18839,1.19330,49104
2020.09.01,00:00,1.19330,1.20108,1.19011,1.19121,59266
2020.09.02,00:00,1.19122,1.19285,1.18220,1.18463,53316
2020.09.03,00:00,1.18463,1.18645,1.17887,1.18560,57661
2020.09.04,00:00,1.18556,1.18652,1.17808,1.18427,58188
2020.09.05,00:00,1.18427,1.18437,1.18364,1.18394,857
2020.09.07,00:00,1.18458,1.18485,1.18115,1.18131,30397
2020.09.08,00:00,1.18135,1.18273,1.17654,1.17787,57093
2020.09.09,00:00,1.17783,1.18337,1.17528,1.18037,50145
2020.09.10,00:00,1.18036,1.19174,1.17994,1.18173,60691
2020.09.11,00:00,1.18173,1.18739,1.18086,1.18413,46352
2020.09.12,00:00,1.18413,1.18480,1.18386,1.18459,722
2020.09.14,00:00,1.18362,1.18880,1.18321,1.18621,36784
2020.09.15,00:00,1.18621,1.19004,1.18393,1.18463,38915
2020.09.16,00:00,1.18463,1.18826,1.17873,1.17994,52350
2020.09.17,00:00,1.17991,1.18512,1.17374,1.18505,58510
2020.09.18,00:00,1.18498,1.18703,1.18258,1.18494,46136
2020.09.19,00:00,1.18494,1.18512,1.18389,1.18413,965
2020.09.21,00:00,1.18455,1.18717,1.17316,1.17640,53384
2020.09.22,00:00,1.17641,1.17735,1.16916,1.17109,54882
2020.09.23,00:00,1.17109,1.17189,1.16511,1.16630,53040
2020.09.24,00:00,1.16629,1.16868,1.16264,1.16689,53653
2020.09.25,00:00,1.16689,1.16849,1.16122,1.16260,46030
2020.09.26,00:00,1.16261,1.16325,1.16241,1.16296,1438
2020.09.28,00:00,1.16222,1.16799,1.16151,1.16696,38530
2020.09.29,00:00,1.16697,1.17455,1.16607,1.17394,42455
2020.09.30,00:00,1.17394,1.17547,1.16846,1.17224,57301
2020.10.01,00:00,1.17226,1.17694,1.17171,1.17494,57929
2020.10.02,00:00,1.17495,1.17504,1.16957,1.17114,65547
2020.10.03,00:00,1.17114,1.17166,1.17103,1.17165,817
2020.10.05,00:00,1.17131,1.17974,1.17053,1.17836,41039
2020.10.06,00:00,1.17836,1.18076,1.17352,1.17500,50087
2020.10.07,00:00,1.17500,1.17818,1.17248,1.17605,47143
2020.10.08,00:00,1.17605,1.17816,1.17324,1.17589,39303
2020.10.09,00:00,1.17589,1.18279,1.17551,1.18256,40311
2020.10.10,00:00,1.18254,1.18304,1.18224,1.18293,787
2020.10.12,00:00,1.18173,1.18265,1.17866,1.18125,33738
2020.10.13,00:00,1.18125,1.18155,1.17305,1.17478,40511
2020.10.14,00:00,1.17478,1.17712,1.17195,1.17514,42032
2020.10.15,00:00,1.17512,1.17576,1.16882,1.17046,46872
2020.10.16,00:00,1.17046,1.17460,1.16939,1.17186,41595
2020.10.17,00:00,1.17182,1.17185,1.17132,1.17160,922
2020.10.19,00:00,1.17195,1.17936,1.17030,1.17699,37418
2020.10.20,00:00,1.17699,1.18407,1.17598,1.18242,38745
2020.10.21,00:00,1.18241,1.18806,1.18192,1.18588,47146
2020.10.22,00:00,1.18590,1.18667,1.18114,1.18184,42046
2020.10.23,00:00,1.18185,1.18615,1.17867,1.18584,39910
2020.10.24,00:00,1.18584,1.18646,1.18566,1.18598,1737
2020.10.26,00:00,1.18551,1.18554,1.18031,1.18071,39994
2020.10.27,00:00,1.18071,1.18387,1.17961,1.18089,36440
2020.10.28,00:00,1.18089,1.18158,1.17178,1.17466,49700
2020.10.29,00:00,1.17466,1.17586,1.16499,1.16743,50210
2020.10.30,00:00,1.16740,1.17040,1.16398,1.16461,51227
2020.10.31,00:00,1.16462,1.16485,1.16416,1.16462,975
2020.11.02,00:00,1.16468,1.16556,1.16221,1.16307,40904
2020.11.03,00:00,1.16309,1.17396,1.16303,1.17050,37929
2020.11.04,00:00,1.17048,1.17704,1.16019,1.17248,89992
2020.11.05,00:00,1.17247,1.18598,1.17108,1.18384,84575
2020.11.06,00:00,1.18384,1.18909,1.17954,1.18817,82225
2020.11.07,00:00,1.18817,1.18828,1.18716,1.18746,2571
2020.11.09,00:00,1.18873,1.19200,1.17951,1.18322,98159
2020.11.10,00:00,1.18322,1.18432,1.17798,1.18139,89547
2020.11.11,00:00,1.18139,1.18328,1.17455,1.17738,54482
2020.11.12,00:00,1.17740,1.18231,1.17586,1.18060,56126
2020.11.13,00:00,1.18060,1.18349,1.17989,1.18327,46260
2020.11.14,00:00,1.18324,1.18372,1.18305,1.18326,1514
2020.11.16,00:00,1.18400,1.18688,1.18141,1.18425,55722
2020.11.17,00:00,1.18426,1.18939,1.18423,1.18640,43961
2020.11.18,00:00,1.18643,1.18910,1.18502,1.18637,48941
2020.11.19,00:00,1.18637,1.18759,1.18163,1.18758,53178
2020.11.20,00:00,1.18758,1.18909,1.18497,1.18581,45799
2020.11.21,00:00,1.18581,1.18633,1.18569,1.18587,1791
2020.11.23,00:00,1.18496,1.19061,1.18000,1.18418,47414
2020.11.24,00:00,1.18418,1.18940,1.18358,1.18832,48908
2020.11.25,00:00,1.18832,1.19298,1.18819,1.19154,56653
2020.11.26,00:00,1.19154,1.19409,1.18853,1.19150,34687
2020.11.27,00:00,1.19153,1.19627,1.19067,1.19571,38899
2020.11.28,00:00,1.19572,1.19630,1.19561,1.19593,1450
2020.11.30,00:00,1.19600,1.20034,1.19418,1.19474,54576
2020.12.01,00:00,1.19473,1.20543,1.19236,1.20478,58733
2020.12.02,00:00,1.20475,1.21083,1.20400,1.20998,69352
2020.12.03,00:00,1.20998,1.21746,1.20958,1.21426,73515
2020.12.04,00:00,1.21425,1.21773,1.21316,1.21375,76086
2020.12.05,00:00,1.21374,1.21405,1.21100,1.21201,4563
2020.12.07,00:00,1.21299,1.21664,1.20787,1.21195,74750
2020.12.08,00:00,1.21195,1.21340,1.20956,1.21037,72671
2020.12.09,00:00,1.21036,1.21474,1.20585,1.20727,71238
2020.12.10,00:00,1.20727,1.21588,1.20703,1.21337,85576
2020.12.11,00:00,1.21337,1.21628,1.21054,1.21132,70628
2020.12.12,00:00,1.21131,1.21186,1.21107,1.21125,3776
2020.12.14,00:00,1.21366,1.21766,1.21156,1.21466,62746
2020.12.15,00:00,1.21465,1.21687,1.21214,1.21573,65659
2020.12.16,00:00,1.21570,1.22124,1.21249,1.21622,72446
2020.12.17,00:00,1.21623,1.22729,1.21621,1.22626,69386
2020.12.18,00:00,1.22622,1.22727,1.22256,1.22422,58387
2020.12.19,00:00,1.22422,1.22582,1.22365,1.22542,3772
2020.12.21,00:00,1.22166,1.22528,1.21296,1.22485,98834
2020.12.22,00:00,1.22485,1.22573,1.21561,1.21607,79603
2020.12.23,00:00,1.21608,1.22212,1.21520,1.21807,78631
2020.12.24,00:00,1.21807,1.22157,1.21733,1.21808,52524
2020.12.28,00:00,1.21696,1.22506,1.21696,1.22068,62343
2020.12.29,00:00,1.22068,1.22749,1.22031,1.22512,55774
2020.12.30,00:00,1.22512,1.23099,1.22468,1.22883,67268
2020.12.31,00:00,1.22886,1.23093,1.22151,1.22168,60273
2021.01.01,00:00,1.22150,1.22189,1.22128,1.22129,505
2021.01.04,00:00,1.22395,1.23098,1.22280,1.22521,81568
2021.01.05,00:00,1.22521,1.23051,1.22416,1.23033,76396
2021.01.06,00:00,1.23033,1.23494,1.22657,1.23070,112450
2021.01.07,00:00,1.23070,1.23441,1.22452,1.22677,90251
2021.01.08,00:00,1.22675,1.22845,1.21932,1.22146,99212
2021.01.09,00:00,1.22146,1.22271,1.22116,1.22218,4269
2021.01.11,00:00,1.22116,1.22285,1.21323,1.21624,76582
2021.01.12,00:00,1.21624,1.22069,1.21372,1.21995,69661
2021.01.13,00:00,1.21997,1.22229,1.21399,1.21540,70993
2021.01.14,00:00,1.21540,1.21784,1.21112,1.21550,81291
2021.01.15,00:00,1.21550,1.21652,1.20768,1.20768,72580
2021.01.16,00:00,1.20768,1.20817,1.20750,1.20766,2723
2021.01.18,00:00,1.20813,1.20867,1.20536,1.20789,50069
2021.01.19,00:00,1.20789,1.21449,1.20739,1.21253,58977
2021.01.20,00:00,1.21253,1.21582,1.20767,1.21072,62923
2021.01.21,00:00,1.21072,1.21732,1.20990,1.21600,64951
2021.01.22,00:00,1.21598,1.21894,1.21515,1.21664,57940
2021.01.23,00:00,1.21664,1.21720,1.21653,1.21704,1912
2021.01.25,00:00,1.21704,1.21833,1.21160,1.21387,52211
2021.01.26,00:00,1.21387,1.21760,1.21078,1.21647,52001
2021.01.27,00:00,1.21648,1.21696,1.20586,1.21000,68787
2021.01.28,00:00,1.21000,1.21421,1.20805,1.21315,81305
2021.01.29,00:00,1.21315,1.21558,1.20944,1.21304,75880
2021.01.30,00:00,1.21305,1.21391,1.21301,1.21353,3114
2021.02.01,00:00,1.21301,1.21364,1.20616,1.20665,60516
2021.02.02,00:00,1.20662,1.20876,1.20117,1.20198,58896
2021.02.03,00:00,1.20196,1.20500,1.20042,1.20254,50216
2021.02.04,00:00,1.20255,1.20428,1.19574,1.19658,51472
2021.02.05,00:00,1.19659,1.20474,1.19522,1.20426,67985
2021.02.06,00:00,1.20427,1.20498,1.20406,1.20492,2672
2021.02.08,00:00,1.20426,1.20661,1.20197,1.20555,57056
2021.02.09,00:00,1.20555,1.21209,1.20472,1.21187,64694
2021.02.10,00:00,1.21187,1.21440,1.21088,1.21290,49275
2021.02.11,00:00,1.21290,1.21493,1.21135,1.21307,46614
2021.02.12,00:00,1.21307,1.21372,1.20815,1.21158,55555
2021.02.13,00:00,1.21158,1.21209,1.21132,1.21189,2212
2021.02.15,00:00,1.21240,1.21452,1.21167,1.21304,38609
2021.02.16,00:00,1.21304,1.21694,1.20949,1.21154,61639
2021.02.17,00:00,1.21155,1.21179,1.20234,1.20370,70486
2021.02.18,00:00,1.20370,1.20897,1.20350,1.20853,60713
2021.02.19,00:00,1.20852,1.21443,1.20823,1.21155,59508
2021.02.20,00:00,1.21154,1.21195,1.21142,1.21174,2207
2021.02.22,00:00,1.21131,1.21694,1.20912,1.21674,64164
2021.02.23,00:00,1.21674,1.21802,1.21353,1.21442,64554
2021.02.24,00:00,1.21442,1.21745,1.21092,1.21480,82007
2021.02.25,00:00,1.21475,1.22432,1.21475,1.21856,101740
2021.02.26,00:00,1.21850,1.21873,1.20720,1.20777,132669
2021.02.27,00:00,1.20781,1.20793,1.20622,1.20727,5446
2021.03.01,00:00,1.20688,1.21012,1.20278,1.20460,79590
2021.03.02,00:00,1.20461,1.20892,1.19915,1.20839,81095
2021.03.03,00:00,1.20839,1.21132,1.20429,1.20651,70359
2021.03.04,00:00,1.20650,1.20729,1.19645,1.19661,91041
2021.03.05,00:00,1.19660,1.19767,1.18928,1.19125,100359
2021.03.06,00:00,1.19125,1.19228,1.19106,1.19120,3079
2021.03.08,00:00,1.19166,1.19321,1.18457,1.18581,96617
2021.03.09,00:00,1.18581,1.19157,1.18356,1.19001,94541
2021.03.10,00:00,1.19001,1.19248,1.18687,1.19206,87778
2021.03.11,00:00,1.19210,1.19898,1.19158,1.19816,86531
2021.03.12,00:00,1.19816,1.19900,1.19098,1.19488,83655
2021.03.13,00:00,1.19488,1.19612,1.19475,1.19519,3251
2021.03.15,00:00,1.19473,1.19674,1.19111,1.19297,65326
2021.03.16,00:00,1.19297,1.19517,1.18823,1.19049,67572
2021.03.17,00:00,1.19051,1.19851,1.18863,1.19771,71214
2021.03.18,00:00,1.19771,1.19890,1.19062,1.19103,85629
2021.03.19,00:00,1.19103,1.19372,1.18738,1.19052,74577
2021.03.20,00:00,1.19052,1.19072,1.19021,1.19044,1164
2021.03.22,00:00,1.18828,1.19467,1.18744,1.19363,58918
2021.03.23,00:00,1.19362,1.19407,1.18477,1.18481,64470
2021.03.24,00:00,1.18480,1.18532,1.18123,1.18125,65092
2021.03.25,00:00,1.18125,1.18277,1.17619,1.17672,72880
2021.03.26,00:00,1.17673,1.18049,1.17621,1.17978,53912
2021.03.27,00:00,1.17978,1.17999,1.17917,1.17933,1387
2021.03.29,00:00,1.17886,1.17937,1.17608,1.17637,56715
2021.03.30,00:00,1.17636,1.17736,1.17114,1.17172,56803
2021.03.31,00:00,1.17173,1.17598,1.17041,1.17263,61335
2021.04.01,00:00,1.17263,1.17799,1.17124,1.17760,54735
2021.04.02,00:00,1.17761,1.17864,1.17488,1.17601,26128
2021.04.03,00:00,1.17602,1.17638,1.17585,1.17608,595
2021.04.05,00:00,1.17543,1.18196,1.17382,1.18131,34833
2021.04.06,00:00,1.18130,1.18742,1.17951,1.18737,53694
2021.04.07,00:00,1.18737,1.19147,1.18609,1.18721,64552
2021.04.08,00:00,1.18723,1.19273,1.18605,1.19135,52790
2021.04.09,00:00,1.19136,1.19202,1.18672,1.19031,53451
2021.04.10,00:00,1.19030,1.19048,1.19006,1.19010,606
2021.04.12,00:00,1.18881,1.19190,1.18712,1.19084,52989
2021.04.13,00:00,1.19082,1.19560,1.18775,1.19552,63937
2021.04.14,00:00,1.19550,1.19874,1.19459,1.19789,46492
2021.04.15,00:00,1.19787,1.19933,1.19561,1.19744,44560
2021.04.16,00:00,1.19743,1.19949,1.19504,1.19813,39594
2021.04.17,00:00,1.19813,1.19826,1.19803,1.19809,452
2021.04.19,00:00,1.19716,1.20481,1.19426,1.20375,47180
2021.04.20,00:00,1.20375,1.20798,1.20224,1.20331,47588
2021.04.21,00:00,1.20332,1.20436,1.19984,1.20343,40895
2021.04.22,00:00,1.20343,1.20690,1.19937,1.20138,50089
2021.04.23,00:00,1.20136,1.20999,1.20129,1.20996,41699
2021.04.24,00:00,1.20996,1.21000,1.20940,1.20973,813
2021.04.26,00:00,1.20922,1.21170,1.20613,1.20895,41292
2021.04.27,00:00,1.20892,1.20928,1.20568,1.20884,38803
2021.04.28,00:00,1.20885,1.21348,1.20563,1.21297,49832
2021.04.29,00:00,1.21296,1.21502,1.21021,1.21287,46706
2021.04.30,00:00,1.21286,1.21286,1.20166,1.20228,46864
2021.05.01,00:00,1.20227,1.20250,1.20189,1.20208,757
2021.05.03,00:00,1.20301,1.20759,1.20129,1.20636,36713
2021.05.04,00:00,1.20636,1.20649,1.19992,1.20154,50365
2021.05.05,00:00,1.20153,1.20268,1.19860,1.20031,40924
2021.05.06,00:00,1.20031,1.20716,1.19931,1.20636,44733
2021.05.07,00:00,1.20637,1.21713,1.20530,1.21678,58391
2021.05.08,00:00,1.21678,1.21680,1.21616,1.21618,888
2021.05.10,00:00,1.21600,1.21783,1.21367,1.21412,50397
2021.05.11,00:00,1.21411,1.21817,1.21230,1.21489,57470
2021.05.12,00:00,1.21490,1.21521,1.20656,1.20751,69347
2021.05.13,00:00,1.20749,1.21061,1.20515,1.20857,66260
2021.05.14,00:00,1.20857,1.21476,1.20708,1.21433,49858
2021.05.15,00:00,1.21431,1.21450,1.21414,1.21441,866
2021.05.17,00:00,1.21323,1.21687,1.21260,1.21579,45567
2021.05.18,00:00,1.21578,1.22339,1.21480,1.22266,49378
2021.05.19,00:00,1.22264,1.22452,1.21599,1.21735,74712
2021.05.20,00:00,1.21735,1.22281,1.21690,1.22281,55779
2021.05.21,00:00,1.22282,1.22398,1.21610,1.21857,58808
2021.05.22,00:00,1.21857,1.21879,1.21783,1.21806,788
2021.05.24,00:00,1.21776,1.22300,1.21722,1.22164,56177
2021.05.25,00:00,1.22162,1.22664,1.22117,1.22475,61325
2021.05.26,00:00,1.22475,1.22630,1.21820,1.21922,58774
2021.05.27,00:00,1.21922,1.22151,1.21751,1.21993,59602
2021.05.28,00:00,1.21993,1.22050,1.21327,1.21928,59875
2021.05.29,00:00,1.21928,1.21951,1.21891,1.21896,1035
2021.05.31,00:00,1.21993,1.22314,1.21833,1.22260,36047
2021.06.01,00:00,1.22260,1.22543,1.22133,1.22204,51841
2021.06.02,00:00,1.22203,1.22265,1.21643,1.22109,53924
2021.06.03,00:00,1.22109,1.22143,1.21183,1.21302,59253
2021.06.04,00:00,1.21302,1.21856,1.21041,1.21688,56612
2021.06.05,00:00,1.21688,1.21702,1.21650,1.21662,630
2021.06.07,00:00,1.21595,1.22018,1.21448,1.21945,39828
2021.06.08,00:00,1.21943,1.21943,1.21643,1.21735,48622
2021.06.09,00:00,1.21735,1.22179,1.21709,1.21775,43013
2021.06.10,00:00,1.21772,1.21950,1.21432,1.21704,66265
2021.06.11,00:00,1.21704,1.21931,1.20927,1.21091,55061
2021.06.12,00:00,1.21091,1.21107,1.21045,1.21063,781
2021.06.14,00:00,1.21025,1.21303,1.20942,1.21215,45979
2021.06.15,00:00,1.21214,1.21473,1.21014,1.21281,50633
2021.06.16,00:00,1.21281,1.21348,1.20039,1.20049,63797
2021.06.17,00:00,1.20048,1.20118,1.18918,1.19025,92630
2021.06.18,00:00,1.19025,1.19251,1.18537,1.18680,80745
2021.06.19,00:00,1.18679,1.18701,1.18569,1.18597,2232
2021.06.21,00:00,1.18550,1.19212,1.18477,1.19186,86660
2021.06.22,00:00,1.19186,1.19525,1.18809,1.19414,68315
2021.06.23,00:00,1.19412,1.19703,1.19116,1.19242,66782
2021.06.24,00:00,1.19241,1.19563,1.19175,1.19327,65171
2021.06.25,00:00,1.19328,1.19752,1.19265,1.19403,59461
2021.06.26,00:00,1.19403,1.19425,1.19354,1.19370,898
2021.06.28,00:00,1.19316,1.19445,1.19025,1.19247,59930
2021.06.29,00:00,1.19246,1.19298,1.18777,1.18995,61281
2021.06.30,00:00,1.18995,1.19090,1.18452,1.18589,70170
2021.07.01,00:00,1.18586,1.18842,1.18374,1.18467,70780
2021.07.02,00:00,1.18466,1.18743,1.18071,1.18650,71778
2021.07.03,00:00,1.18650,1.18670,1.18629,1.18646,1032
2021.07.05,00:00,1.18576,1.18805,1.18515,1.18649,46166
2021.07.06,00:00,1.18649,1.18950,1.18067,1.18221,79909
2021.07.07,00:00,1.18221,1.18362,1.17817,1.17953,75278
2021.07.08,00:00,1.17954,1.18679,1.17836,1.18480,91173
2021.07.09,00:00,1.18480,1.18801,1.18251,1.18798,74067
2021.07.10,00:00,1.18798,1.18811,1.18768,1.18774,1189
2021.07.12,00:00,1.18715,1.18802,1.18361,1.18600,55428
2021.07.13,00:00,1.18600,1.18752,1.17724,1.17742,69308
2021.07.14,00:00,1.17739,1.18385,1.17719,1.18350,70600
2021.07.15,00:00,1.18350,1.18506,1.17962,1.18127,74091
2021.07.16,00:00,1.18127,1.18224,1.17921,1.18034,70749
2021.07.17,00:00,1.18034,1.18074,1.18029,1.18055,1244
2021.07.19,00:00,1.18054,1.18243,1.17640,1.17976,79820
2021.07.20,00:00,1.17976,1.18025,1.17558,1.17824,70870
2021.07.21,00:00,1.17818,1.18047,1.17519,1.18001,56076
2021.07.22,00:00,1.18000,1.18303,1.17575,1.17701,65099
2021.07.23,00:00,1.17700,1.17865,1.17544,1.17721,49223
2021.07.24,00:00,1.17717,1.17760,1.17687,1.17689,856
2021.07.26,00:00,1.17677,1.18173,1.17635,1.18053,52620
2021.07.27,00:00,1.18054,1.18411,1.17701,1.18217,64278
2021.07.28,00:00,1.18216,1.18491,1.17721,1.18475,64216
2021.07.29,00:00,1.18474,1.18927,1.18402,1.18879,49224
2021.07.30,00:00,1.18879,1.19087,1.18517,1.18621,54173
2021.07.31,00:00,1.18621,1.18766,1.18603,1.18730,1263
2021.08.02,00:00,1.18641,1.18969,1.18590,1.18709,46206
2021.08.03,00:00,1.18709,1.18933,1.18537,1.18660,49795
2021.08.04,00:00,1.18660,1.18997,1.18328,1.18380,48206
2021.08.05,00:00,1.18379,1.18572,1.18282,1.18359,47029
2021.08.06,00:00,1.18360,1.18363,1.17544,1.17595,47518
2021.08.07,00:00,1.17595,1.17644,1.17563,1.17611,804
2021.08.09,00:00,1.17568,1.17690,1.17349,1.17351,46310
2021.08.10,00:00,1.17351,1.17429,1.17098,1.17186,41914
2021.08.11,00:00,1.17188,1.17540,1.17061,1.17423,45416
2021.08.12,00:00,1.17422,1.17482,1.17237,1.17353,36842
2021.08.13,00:00,1.17353,1.18048,1.17281,1.17981,35358
2021.08.14,00:00,1.17980,1.17981,1.17946,1.17962,796
2021.08.16,00:00,1.17941,1.18007,1.17675,1.17783,36729
2021.08.17,00:00,1.17781,1.17845,1.17085,1.17118,49955
2021.08.18,00:00,1.17118,1.17425,1.16937,1.17128,48320
2021.08.19,00:00,1.17128,1.17176,1.16657,1.16767,60144
2021.08.20,00:00,1.16765,1.17044,1.16640,1.17021,42640
2021.08.21,00:00,1.17018,1.17045,1.16992,1.16996,1060
2021.08.23,00:00,1.16897,1.17503,1.16897,1.17467,41310
2021.08.24,00:00,1.17467,1.17650,1.17273,1.17573,40336
2021.08.25,00:00,1.17574,1.17743,1.17260,1.17713,45221
2021.08.26,00:00,1.17713,1.17790,1.17459,1.17550,49600
2021.08.27,00:00,1.17549,1.18026,1.17349,1.17965,54456
2021.08.28,00:00,1.17965,1.17976,1.17936,1.17955,814
2021.08.30,00:00,1.17926,1.18099,1.17829,1.17998,35530
2021.08.31,00:00,1.17997,1.18450,1.17939,1.18071,56356
2021.09.01,00:00,1.18069,1.18572,1.17936,1.18384,50076
2021.09.02,00:00,1.18383,1.18759,1.18344,1.18740,42252
2021.09.03,00:00,1.18741,1.19091,1.18657,1.18803,53047
2021.09.04,00:00,1.18802,1.18807,1.18745,1.18772,827
2021.09.06,00:00,1.18768,1.18862,1.18557,1.18682,26741
2021.09.07,00:00,1.18682,1.18852,1.18373,1.18397,56794
2021.09.08,00:00,1.18396,1.18512,1.18022,1.18179,64608
2021.09.09,00:00,1.18179,1.18413,1.18053,1.18257,68952
2021.09.10,00:00,1.18258,1.18510,1.18122,1.18128,52040
2021.09.11,00:00,1.18128,1.18134,1.18091,1.18107,1267
2021.09.13,00:00,1.18143,1.18171,1.17702,1.18073,51339
2021.09.14,00:00,1.18075,1.18460,1.18001,1.18045,58211
2021.09.15,00:00,1.18046,1.18319,1.17991,1.18173,57993
2021.09.16,00:00,1.18173,1.18206,1.17506,1.17691,57663
2021.09.17,00:00,1.17688,1.17888,1.17245,1.17305,56836
2021.09.18,00:00,1.17305,1.17308,1.17242,1.17250,831
2021.09.20,00:00,1.17272,1.17363,1.17004,1.17301,57615
2021.09.21,00:00,1.17301,1.17486,1.17149,1.17292,58484
2021.09.22,00:00,1.17292,1.17555,1.16843,1.16951,71965
2021.09.23,00:00,1.16952,1.17501,1.16835,1.17420,68486
2021.09.24,00:00,1.17420,1.17476,1.17007,1.17164,52147
2021.09.25,00:00,1.17162,1.17218,1.17153,1.17206,769
2021.09.27,00:00,1.17255,1.17255,1.16848,1.16985,56926
2021.09.28,00:00,1.16984,1.17032,1.16682,1.16853,64532
2021.09.29,00:00,1.16854,1.16901,1.15894,1.15938,68906
2021.09.30,00:00,1.15938,1.16097,1.15626,1.15830,68228
2021.10.01,00:00,1.15830,1.16075,1.15630,1.15982,67510
2021.10.02,00:00,1.15980,1.15989,1.15908,1.15927,756
2021.10.04,00:00,1.15922,1.16400,1.15876,1.16210,54165
2021.10.05,00:00,1.16209,1.16225,1.15806,1.15965,50413
2021.10.06,00:00,1.15965,1.16019,1.15292,1.15589,63603
2021.10.07,00:00,1.15588,1.15723,1.15474,1.15541,50205
2021.10.08,00:00,1.15539,1.15861,1.15414,1.15711,60375
2021.10.09,00:00,1.15711,1.15744,1.15691,1.15736,737
2021.10.11,00:00,1.15659,1.15867,1.15504,1.15505,45446
2021.10.12,00:00,1.15502,1.15702,1.15242,1.15326,57891
2021.10.13,00:00,1.15325,1.15973,1.15250,1.15936,67652
2021.10.14,00:00,1.15934,1.16245,1.15838,1.15973,56609
2021.10.15,00:00,1.15974,1.16186,1.15880,1.16031,61211
2021.10.16,00:00,1.16032,1.16054,1.15974,1.15981,850
2021.10.18,00:00,1.15976,1.16224,1.15717,1.16112,62729
2021.10.19,00:00,1.16110,1.16692,1.16074,1.16358,60455
2021.10.20,00:00,1.16358,1.16586,1.16170,1.16522,61557
2021.10.21,00:00,1.16523,1.16675,1.16205,1.16222,64793
2021.10.22,00:00,1.16223,1.16554,1.16192,1.16433,66042
2021.10.23,00:00,1.16433,1.16439,1.16394,1.16437,662
2021.10.25,00:00,1.16380,1.16650,1.15907,1.16123,58972
2021.10.26,00:00,1.16123,1.16257,1.15850,1.15982,55014
2021.10.27,00:00,1.15983,1.16257,1.15848,1.16000,66283
2021.10.28,00:00,1.15999,1.16920,1.15824,1.16837,79634
2021.10.29,00:00,1.16837,1.16901,1.15353,1.15589,83679
2021.10.30,00:00,1.15589,1.15629,1.15521,1.15620,2654
2021.11.01,00:00,1.15626,1.16086,1.15460,1.16064,46764
2021.11.02,00:00,1.16063,1.16132,1.15753,1.15831,59549
2021.11.03,00:00,1.15831,1.16161,1.15621,1.16070,67979
2021.11.04,00:00,1.16071,1.16162,1.15284,1.15570,64642
2021.11.05,00:00,1.15569,1.15689,1.15134,1.15681,70661
2021.11.06,00:00,1.15680,1.15730,1.15653,1.15665,981
2021.11.08,00:00,1.15597,1.15950,1.15503,1.15892,52064
2021.11.09,00:00,1.15891,1.16086,1.15697,1.15943,67344
2021.11.10,00:00,1.15943,1.15986,1.14816,1.14832,83404
2021.11.11,00:00,1.14832,1.14876,1.14445,1.14452,56669
2021.11.12,00:00,1.14450,1.14623,1.14328,1.14430,58068
2021.11.13,00:00,1.14430,1.14468,1.14409,1.14427,1591
2021.11.15,00:00,1.14456,1.14641,1.13778,1.13855,59979
2021.11.16,00:00,1.13856,1.13868,1.13162,1.13166,75632
2021.11.17,00:00,1.13168,1.13324,1.12632,1.13147,78026
2021.11.18,00:00,1.13147,1.13741,1.13111,1.13705,69162
2021.11.19,00:00,1.13705,1.13735,1.12498,1.12896,91159
2021.11.20,00:00,1.12895,1.12919,1.12829,1.12829,2996
2021.11.22,00:00,1.12884,1.12901,1.12309,1.12318,77909
2021.11.23,00:00,1.12318,1.12750,1.12260,1.12504,82037
2021.11.24,00:00,1.12503,1.12554,1.11861,1.11984,86495
2021.11.25,00:00,1.11986,1.12299,1.11954,1.12094,47575
2021.11.26,00:00,1.12094,1.13223,1.12044,1.13146,114557
2021.11.27,00:00,1.13147,1.13303,1.13138,1.13215,2925
2021.11.29,00:00,1.13002,1.13112,1.12584,1.12734,71419
2021.11.30,00:00,1.12734,1.13830,1.12354,1.13188,107528
2021.12.01,00:00,1.13187,1.13597,1.13025,1.13175,89692
2021.12.02,00:00,1.13175,1.13478,1.12952,1.12968,77566
2021.12.03,00:00,1.12968,1.13335,1.12666,1.13117,84649
2021.12.04,00:00,1.13120,1.13151,1.13012,1.13083,5171
2021.12.06,00:00,1.12995,1.13104,1.12665,1.12789,54834
2021.12.07,00:00,1.12789,1.12983,1.12274,1.12612,59645
2021.12.08,00:00,1.12612,1.13507,1.12589,1.13493,71115
2021.12.09,00:00,1.13493,1.13549,1.12784,1.12872,62380
2021.12.10,00:00,1.12873,1.13243,1.12649,1.13114,60591
2021.12.11,00:00,1.13115,1.13192,1.13106,1.13162,1437
2021.12.13,00:00,1.13077,1.13190,1.12599,1.12873,51412
2021.12.14,00:00,1.12871,1.13237,1.12558,1.12560,55449
2021.12.15,00:00,1.12559,1.12774,1.12217,1.12723,63956
2021.12.16,00:00,1.12722,1.13602,1.12629,1.13248,77917
2021.12.17,00:00,1.13248,1.13489,1.12508,1.12524,63716
2021.12.18,00:00,1.12520,1.12530,1.12344,1.12372,3800
2021.12.20,00:00,1.12356,1.13040,1.12341,1.12741,57992
2021.12.21,00:00,1.12740,1.13027,1.12609,1.12813,55152
2021.12.22,00:00,1.12813,1.13423,1.12642,1.13322,52022
2021.12.23,00:00,1.13323,1.13422,1.12902,1.13340,50604
2021.12.24,00:00,1.13340,1.13435,1.13044,1.13197,55232
2021.12.27,00:00,1.13023,1.13342,1.13023,1.13253,35993
2021.12.28,00:00,1.13253,1.13330,1.12894,1.13025,39725
2021.12.29,00:00,1.13025,1.13687,1.12732,1.13429,50270
2021.12.30,00:00,1.13427,1.13599,1.12988,1.13274,51025
2021.12.31,00:00,1.13274,1.13861,1.13033,1.13822,40842
2022.01.01,00:00,1.13822,1.13847,1.13802,1.13838,479
2022.01.03,00:00,1.13693,1.13778,1.12795,1.12970,51492
2022.01.04,00:00,1.12967,1.13226,1.12723,1.12878,62186
2022.01.05,00:00,1.12878,1.13466,1.12765,1.13104,59498
2022.01.06,00:00,1.13105,1.13316,1.12846,1.12870,69116
2022.01.07,00:00,1.12870,1.13647,1.12862,1.13627,50748
2022.01.08,00:00,1.13627,1.13639,1.13573,1.13590,1674
2022.01.10,00:00,1.13550,1.13599,1.12853,1.13233,50884
2022.01.11,00:00,1.13232,1.13753,1.13131,1.13667,49430
2022.01.12,00:00,1.13668,1.14528,1.13545,1.14501,51688
2022.01.13,00:00,1.14501,1.14817,1.14357,1.14618,53046
2022.01.14,00:00,1.14615,1.14829,1.13987,1.14151,59878
2022.01.15,00:00,1.14151,1.14179,1.14118,1.14151,2749
2022.01.17,00:00,1.14117,1.14342,1.13915,1.14048,33802
2022.01.18,00:00,1.14048,1.14216,1.13192,1.13272,65609
2022.01.19,00:00,1.13273,1.13569,1.13147,1.13512,58749
2022.01.20,00:00,1.13510,1.13689,1.13116,1.13124,58223
2022.01.21,00:00,1.13124,1.13597,1.13010,1.13413,61296
2022.01.22,00:00,1.13411,1.13453,1.13380,1.13421,3364
2022.01.24,00:00,1.13371,1.13447,1.12906,1.13199,66485
2022.01.25,00:00,1.13197,1.13285,1.12632,1.13039,64004
2022.01.26,00:00,1.13038,1.13108,1.12474,1.12556,67729
2022.01.27,00:00,1.12555,1.12556,1.11313,1.11403,91058
2022.01.28,00:00,1.11403,1.11737,1.11214,1.11443,78906
2022.01.29,00:00,1.11443,1.11512,1.11410,1.11469,3131
2022.01.31,00:00,1.11406,1.12477,1.11378,1.12431,70292
2022.02.01,00:00,1.12432,1.12786,1.12208,1.12526,72777
2022.02.02,00:00,1.12526,1.13301,1.12519,1.13102,62732
2022.02.03,00:00,1.13102,1.14513,1.12665,1.14333,95992
2022.02.04,00:00,1.14335,1.14836,1.14116,1.14481,96777
2022.02.05,00:00,1.14481,1.14599,1.14476,1.14514,3718
2022.02.07,00:00,1.14573,1.14614,1.14151,1.14432,73454
2022.02.08,00:00,1.14432,1.14486,1.13958,1.14145,67904
2022.02.09,00:00,1.14142,1.14479,1.14025,1.14324,59727
2022.02.10,00:00,1.14324,1.14950,1.13748,1.14496,94373
2022.02.11,00:00,1.14496,1.14547,1.13297,1.13336,105863
2022.02.12,00:00,1.13340,1.13521,1.13312,1.13477,11435
2022.02.14,00:00,1.13376,1.13688,1.12800,1.12948,102916
2022.02.15,00:00,1.12947,1.13683,1.12928,1.13593,88784
2022.02.16,00:00,1.13593,1.13955,1.13448,1.13904,76307
2022.02.17,00:00,1.13902,1.13931,1.13229,1.13641,100125
2022.02.18,00:00,1.13647,1.13769,1.13139,1.13312,76255
2022.02.19,00:00,1.13310,1.13318,1.13224,1.13227,4205
2022.02.21,00:00,1.13145,1.13907,1.13064,1.13180,54642
2022.02.22,00:00,1.13181,1.13670,1.12878,1.13345,99367
2022.02.23,00:00,1.13344,1.13588,1.13038,1.13079,65541
2022.02.24,00:00,1.13077,1.13105,1.11063,1.11871,166063
2022.02.25,00:00,1.11873,1.12668,1.11659,1.12633,116777
2022.02.26,00:00,1.12633,1.12735,1.12580,1.12716,5628
2022.02.28,00:00,1.11295,1.12464,1.11245,1.12223,133127
2022.03.01,00:00,1.12223,1.12331,1.10897,1.11220,112856
2022.03.02,00:00,1.11220,1.11434,1.10574,1.11243,130312
2022.03.03,00:00,1.11246,1.11307,1.10332,1.10576,100682
2022.03.04,00:00,1.10576,1.10679,1.08852,1.09131,128646
2022.03.05,00:00,1.09131,1.09400,1.09127,1.09305,5765
2022.03.07,00:00,1.09255,1.09324,1.08060,1.08480,159056
2022.03.08,00:00,1.08480,1.09583,1.08468,1.09062,160386
2022.03.09,00:00,1.09064,1.10961,1.08896,1.10770,116781
2022.03.10,00:00,1.10770,1.11213,1.09802,1.09850,126864
2022.03.11,00:00,1.09851,1.10434,1.09021,1.09088,112685
2022.03.12,00:00,1.09087,1.09164,1.09050,1.09137,5116
2022.03.14,00:00,1.09155,1.09938,1.09004,1.09496,99917
2022.03.15,00:00,1.09496,1.10200,1.09260,1.09528,113352
2022.03.16,00:00,1.09528,1.10453,1.09416,1.10446,127144
2022.03.17,00:00,1.10449,1.11376,1.10071,1.10987,86940
2022.03.18,00:00,1.10987,1.11186,1.10031,1.10519,92134
2022.03.19,00:00,1.10519,1.10540,1.10473,1.10503,1117
2022.03.21,00:00,1.10504,1.10702,1.10102,1.10143,67532
2022.03.22,00:00,1.10142,1.10458,1.09610,1.10304,86281
2022.03.23,00:00,1.10305,1.10427,1.09641,1.10047,77145
2022.03.24,00:00,1.10046,1.10135,1.09658,1.09991,83748
2022.03.25,00:00,1.09991,1.10380,1.09809,1.09832,83828
2022.03.26,00:00,1.09832,1.09867,1.09818,1.09854,889
2022.03.28,00:00,1.09842,1.09997,1.09447,1.09904,99948
2022.03.29,00:00,1.09905,1.11371,1.09690,1.10891,126498
2022.03.30,00:00,1.10890,1.11710,1.10792,1.11611,110371
2022.03.31,00:00,1.11612,1.11848,1.10613,1.10643,112805
2022.04.01,00:00,1.10643,1.10757,1.10283,1.10475,86060
2022.04.02,00:00,1.10475,1.10524,1.10442,1.10447,1379
2022.04.04,00:00,1.10336,1.10543,1.09608,1.09698,68318
2022.04.05,00:00,1.09698,1.09886,1.09000,1.09041,74740
2022.04.06,00:00,1.09041,1.09381,1.08741,1.09005,97421
2022.04.07,00:00,1.09005,1.09382,1.08649,1.08724,87963
2022.04.08,00:00,1.08725,1.08921,1.08364,1.08779,77782
2022.04.09,00:00,1.08779,1.08783,1.08719,1.08747,1053
2022.04.11,00:00,1.09159,1.09333,1.08729,1.08841,76084
2022.04.12,00:00,1.08838,1.09035,1.08216,1.08304,98542
2022.04.13,00:00,1.08304,1.08942,1.08090,1.08831,84021
2022.04.14,00:00,1.08831,1.09233,1.07576,1.08245,100643
2022.04.15,00:00,1.08245,1.08339,1.07961,1.08088,57078
2022.04.16,00:00,1.08084,1.08148,1.08076,1.08113,670
2022.04.18,00:00,1.07994,1.08213,1.07702,1.07829,52088
2022.04.19,00:00,1.07830,1.08141,1.07612,1.07888,81064
2022.04.20,00:00,1.07890,1.08667,1.07827,1.08534,88390
2022.04.21,00:00,1.08535,1.09364,1.08239,1.08385,98423
2022.04.22,00:00,1.08385,1.08519,1.07707,1.07933,94377
2022.04.23,00:00,1.07934,1.08011,1.07906,1.08009,1504
2022.04.25,00:00,1.08071,1.08145,1.06965,1.07135,120906
2022.04.26,00:00,1.07138,1.07388,1.06383,1.06439,94872
2022.04.27,00:00,1.06439,1.06547,1.05144,1.05584,117841
2022.04.28,00:00,1.05584,1.05646,1.04709,1.05097,134180
2022.04.29,00:00,1.05099,1.05927,1.04906,1.05488,110924
2022.04.30,00:00,1.05488,1.05519,1.05415,1.05460,1824
2022.05.02,00:00,1.05421,1.05681,1.04902,1.05040,90333
2022.05.03,00:00,1.05039,1.05775,1.04922,1.05251,90223
2022.05.04,00:00,1.05252,1.06269,1.05060,1.06081,107031
2022.05.05,00:00,1.06081,1.06419,1.04928,1.05504,132143
2022.05.06,00:00,1.05504,1.05987,1.04828,1.05480,147207
2022.05.07,00:00,1.05480,1.05482,1.05401,1.05439,1674
2022.05.09,00:00,1.05387,1.05925,1.04954,1.05584,122247
2022.05.10,00:00,1.05584,1.05851,1.05257,1.05351,127034
2022.05.11,00:00,1.05351,1.05770,1.05017,1.05156,134083
2022.05.12,00:00,1.05156,1.05291,1.03540,1.03729,139797
2022.05.13,00:00,1.03729,1.04196,1.03494,1.04008,98378
2022.05.14,00:00,1.04010,1.04081,1.03994,1.04077,804
2022.05.16,00:00,1.03959,1.04430,1.03887,1.04321,80526
2022.05.17,00:00,1.04321,1.05560,1.04276,1.05448,95434
2022.05.18,00:00,1.05448,1.05639,1.04649,1.04659,86898
2022.05.19,00:00,1.04659,1.06073,1.04590,1.05901,116178
2022.05.20,00:00,1.05901,1.05990,1.05328,1.05560,93899
2022.05.21,00:00,1.05560,1.05671,1.05525,1.05582,1480
2022.05.23,00:00,1.05601,1.06975,1.05561,1.06862,87786
2022.05.24,00:00,1.06861,1.07489,1.06611,1.07304,96859
2022.05.25,00:00,1.07304,1.07382,1.06418,1.06771,95436
2022.05.26,00:00,1.06773,1.07294,1.06627,1.07234,85476
2022.05.27,00:00,1.07234,1.07651,1.06974,1.07322,76960
2022.05.28,00:00,1.07322,1.07335,1.07271,1.07309,1018
2022.05.30,00:00,1.07326,1.07869,1.07243,1.07787,54420
2022.05.31,00:00,1.07787,1.07823,1.06791,1.07357,104584
2022.06.01,00:00,1.07355,1.07390,1.06272,1.06504,92136
2022.06.02,00:00,1.06499,1.07490,1.06405,1.07485,73779
2022.06.03,00:00,1.07485,1.07638,1.07039,1.07206,73410
2022.06.04,00:00,1.07205,1.07216,1.07142,1.07165,837
2022.06.06,00:00,1.07146,1.07516,1.06841,1.06957,59200
2022.06.07,00:00,1.06957,1.07143,1.06523,1.07081,88544
2022.06.08,00:00,1.07081,1.07485,1.06715,1.07138,81127
2022.06.09,00:00,1.07141,1.07739,1.06127,1.06135,108003
2022.06.10,00:00,1.06146,1.06424,1.05060,1.05190,109758
2022.06.11,00:00,1.05190,1.05219,1.05146,1.05207,1383
2022.06.13,00:00,1.05137,1.05195,1.04035,1.04108,122938
2022.06.14,00:00,1.04108,1.04848,1.03969,1.04108,138745
2022.06.15,00:00,1.04108,1.05076,1.03591,1.04541,169527
2022.06.16,00:00,1.04541,1.06009,1.03811,1.05610,179969
2022.06.17,00:00,1.05611,1.05612,1.04447,1.04944,151341
2022.06.18,00:00,1.04942,1.04997,1.04892,1.04962,1291
2022.06.20,00:00,1.04747,1.05457,1.04727,1.05111,82170
2022.06.21,00:00,1.05116,1.05824,1.05053,1.05315,98485
2022.06.22,00:00,1.05316,1.06054,1.04691,1.05674,117226
2022.06.23,00:00,1.05673,1.05812,1.04827,1.05269,148168
2022.06.24,00:00,1.05270,1.05711,1.05119,1.05590,102963
2022.06.25,00:00,1.05590,1.05590,1.05491,1.05534,1569
2022.06.27,00:00,1.05456,1.06149,1.05456,1.05806,107907
2022.06.28,00:00,1.05805,1.06058,1.05033,1.05260,121996
2022.06.29,00:00,1.05259,1.05353,1.04352,1.04410,128192
2022.06.30,00:00,1.04408,1.04891,1.03823,1.04788,133682
2022.07.01,00:00,1.04788,1.04854,1.03657,1.04285,139512
2022.07.02,00:00,1.04286,1.04329,1.04247,1.04261,960
2022.07.04,00:00,1.04146,1.04627,1.04146,1.04237,81116
2022.07.05,00:00,1.04237,1.04488,1.02349,1.02660,139982
2022.07.06,00:00,1.02659,1.02769,1.01618,1.01867,157365
2022.07.07,00:00,1.01867,1.02213,1.01441,1.01663,126911
2022.07.08,00:00,1.01662,1.01912,1.00717,1.01786,131680
2022.07.09,00:00,1.01783,1.01839,1.01766,1.01831,1073
2022.07.11,00:00,1.01696,1.01831,1.00337,1.00451,117637
2022.07.12,00:00,1.00451,1.00739,0.99996,1.00323,140458
2022.07.13,00:00,1.00322,1.01222,0.99977,1.00593,149658
2022.07.14,00:00,1.00593,1.00618,0.99522,1.00157,165158
2022.07.15,00:00,1.00157,1.00981,1.00070,1.00826,122266
2022.07.16,00:00,1.00827,1.00880,1.00791,1.00854,1343
2022.07.18,00:00,1.00816,1.02014,1.00734,1.01433,115859
2022.07.19,00:00,1.01433,1.02694,1.01193,1.02215,135077
2022.07.20,00:00,1.02217,1.02729,1.01552,1.01777,123834
2022.07.21,00:00,1.01776,1.02783,1.01535,1.02115,155454
2022.07.22,00:00,1.02114,1.02553,1.01299,1.02122,149124
2022.07.23,00:00,1.02123,1.02158,1.02063,1.02109,1878
2022.07.25,00:00,1.02116,1.02580,1.01785,1.02256,124299
2022.07.26,00:00,1.02261,1.02502,1.01077,1.01141,113881
2022.07.27,00:00,1.01141,1.02210,1.00964,1.02085,122622
2022.07.28,00:00,1.02086,1.02344,1.01142,1.01864,143288
2022.07.29,00:00,1.01862,1.02542,1.01461,1.02205,132151
2022.07.30,00:00,1.02212,1.02270,1.02168,1.02258,1497
2022.08.01,00:00,1.02075,1.02752,1.02052,1.02583,119892
2022.08.02,00:00,1.02581,1.02936,1.01682,1.01689,148983
2022.08.03,00:00,1.01692,1.02104,1.01229,1.01683,129916
2022.08.04,00:00,1.01694,1.02539,1.01539,1.02456,120418
2022.08.05,00:00,1.02462,1.02518,1.01416,1.01776,109707
2022.08.06,00:00,1.01780,1.01831,1.01767,1.01776,1010
2022.08.08,00:00,1.01711,1.02219,1.01594,1.01923,92383
2022.08.09,00:00,1.01923,1.02475,1.01884,1.02082,78765
2022.08.10,00:00,1.02081,1.03688,1.02021,1.03036,115465
2022.08.11,00:00,1.03036,1.03645,1.02757,1.03171,127001
2022.08.12,00:00,1.03169,1.03273,1.02385,1.02606,98929
2022.08.13,00:00,1.02607,1.02619,1.02542,1.02560,1372
2022.08.15,00:00,1.02545,1.02684,1.01544,1.01608,89733
2022.08.16,00:00,1.01608,1.01949,1.01224,1.01704,99690
2022.08.17,00:00,1.01704,1.02031,1.01457,1.01804,118391
2022.08.18,00:00,1.01804,1.01930,1.00792,1.00941,103933
2022.08.19,00:00,1.00941,1.00955,1.00321,1.00402,89460
2022.08.20,00:00,1.00402,1.00431,1.00391,1.00393,918
2022.08.22,00:00,1.00348,1.00466,0.99263,0.99427,95957
2022.08.23,00:00,0.99428,1.00179,0.99004,0.99689,119297
2022.08.24,00:00,0.99689,0.99990,0.99101,0.99717,104667
2022.08.25,00:00,0.99717,1.00334,0.99491,0.99770,106610
2022.08.26,00:00,0.99770,1.00901,0.99465,0.99657,121059
2022.08.27,00:00,0.99656,0.99694,0.99628,0.99646,1711
2022.08.29,00:00,0.99645,1.00293,0.99143,0.99960,117489
2022.08.30,00:00,0.99954,1.00549,0.99820,1.00174,121396
2022.08.31,00:00,1.00177,1.00790,0.99714,1.00491,123952
2022.09.01,00:00,1.00492,1.00550,0.99110,0.99444,126363
2022.09.02,00:00,0.99442,1.00338,0.99404,0.99532,123268
2022.09.03,00:00,0.99532,0.99609,0.99517,0.99571,1724
2022.09.05,00:00,0.99282,0.99443,0.98778,0.99307,90848
2022.09.06,00:00,0.99307,0.99865,0.98640,0.99039,140242
2022.09.07,00:00,0.99039,1.00100,0.98756,1.00089,118303
2022.09.08,00:00,1.00088,1.00300,0.99308,0.99990,140165
2022.09.09,00:00,0.99991,1.01134,0.99915,1.00456,111111
2022.09.10,00:00,1.00455,1.00462,1.00393,1.00455,1136
2022.09.12,00:00,1.01017,1.01979,1.00597,1.01152,113130
2022.09.13,00:00,1.01153,1.01873,0.99704,0.99737,118147
2022.09.14,00:00,0.99729,1.00236,0.99551,0.99798,132939
2022.09.15,00:00,0.99798,1.00181,0.99556,0.99947,88810
2022.09.16,00:00,0.99946,1.00367,0.99444,1.00130,102856
2022.09.17,00:00,1.00130,1.00135,1.00081,1.00129,1263
2022.09.19,00:00,1.00043,1.00291,0.99659,1.00238,76867
2022.09.20,00:00,1.00234,1.00506,0.99549,0.99759,100324
2022.09.21,00:00,0.99759,0.99786,0.98127,0.98516,124427
2022.09.22,00:00,0.98516,0.99074,0.98075,0.98395,154836
2022.09.23,00:00,0.98394,0.98520,0.96678,0.96909,127195
2022.09.24,00:00,0.96908,0.96961,0.96873,0.96880,1558
2022.09.26,00:00,0.96714,0.97090,0.95524,0.96088,194436
2022.09.27,00:00,0.96090,0.96711,0.95691,0.95944,154239
2022.09.28,00:00,0.95943,0.97509,0.95357,0.97323,187899
2022.09.29,00:00,0.97323,0.98092,0.96355,0.98009,170485
2022.09.30,00:00,0.98008,0.98539,0.97348,0.98010,176216
2022.10.01,00:00,0.98008,0.98100,0.97981,0.97990,2690
2022.10.03,00:00,0.97747,0.98447,0.97526,0.98288,147183
2022.10.04,00:00,0.98289,0.99996,0.98060,0.99904,142757
2022.10.05,00:00,0.99902,0.99949,0.98345,0.98853,138087
2022.10.06,00:00,0.98856,0.99263,0.97881,0.97965,160539
2022.10.07,00:00,0.97959,0.98168,0.97259,0.97385,138421
2022.10.08,00:00,0.97385,0.97422,0.97348,0.97381,2672
2022.10.10,00:00,0.97312,0.97533,0.96819,0.97025,136997
2022.10.11,00:00,0.97025,0.97747,0.96706,0.97105,167403
2022.10.12,00:00,0.97105,0.97343,0.96678,0.97012,159540
2022.10.13,00:00,0.97012,0.98061,0.96314,0.97749,180595
2022.10.14,00:00,0.97748,0.98082,0.97070,0.97281,160863
2022.10.15,00:00,0.97280,0.97304,0.97194,0.97234,1758
2022.10.17,00:00,0.97184,0.98522,0.97176,0.98351,143740
2022.10.18,00:00,0.98351,0.98757,0.98127,0.98573,156403
2022.10.19,00:00,0.98571,0.98724,0.97574,0.97730,145278
2022.10.20,00:00,0.97726,0.98456,0.97544,0.97843,160661
2022.10.21,00:00,0.97844,0.98692,0.97050,0.98619,194963
2022.10.22,00:00,0.98605,0.98659,0.98581,0.98626,2638
2022.10.24,00:00,0.98619,0.98992,0.98070,0.98742,187156
2022.10.25,00:00,0.98742,0.99769,0.98482,0.99669,144080
2022.10.26,00:00,0.99669,1.00889,0.99433,1.00810,150539
2022.10.27,00:00,1.00813,1.00933,0.99574,0.99630,145131
2022.10.28,00:00,0.99626,0.99981,0.99265,0.99558,138537
2022.10.29,00:00,0.99558,0.99676,0.99527,0.99657,4734
2022.10.31,00:00,0.99554,0.99659,0.98730,0.98830,106237
2022.11.01,00:00,0.98829,0.99540,0.98531,0.98777,127965
2022.11.02,00:00,0.98776,0.99761,0.98225,0.98288,134300
2022.11.03,00:00,0.98285,0.98398,0.97302,0.97516,136521
2022.11.04,00:00,0.97519,0.99667,0.97421,0.99608,157649
2022.11.05,00:00,0.99606,0.99638,0.99563,0.99594,2040
2022.11.07,00:00,0.99007,1.00341,0.98987,1.00264,133700
2022.11.08,00:00,1.00266,1.00964,0.99717,1.00728,113072
2022.11.09,00:00,1.00728,1.00882,0.99927,1.00027,139714
2022.11.10,00:00,1.00028,1.01853,0.99355,1.01812,165064
2022.11.11,00:00,1.01813,1.03642,1.01629,1.03626,168435
2022.11.12,00:00,1.03626,1.03626,1.03482,1.03530,7766
2022.11.14,00:00,1.03393,1.03588,1.02714,1.03536,144261
2022.11.15,00:00,1.03537,1.04819,1.02801,1.03642,189818
2022.11.16,00:00,1.03642,1.04387,1.03305,1.03927,171983
2022.11.17,00:00,1.03922,1.04067,1.03053,1.03639,136981
2022.11.18,00:00,1.03639,1.03960,1.03201,1.03279,120453
2022.11.19,00:00,1.03277,1.03332,1.03134,1.03200,5767
2022.11.21,00:00,1.03195,1.03332,1.02228,1.02395,112643
2022.11.22,00:00,1.02395,1.03082,1.02324,1.02956,106868
2022.11.23,00:00,1.02954,1.04052,1.02938,1.04009,120217
2022.11.24,00:00,1.04011,1.04485,1.03819,1.04136,93536
2022.11.25,00:00,1.04137,1.04293,1.03548,1.04114,100501
2022.11.26,00:00,1.04115,1.04141,1.03852,1.03939,4649
2022.11.28,00:00,1.03664,1.04969,1.03372,1.03378,128032
2022.11.29,00:00,1.03378,1.03941,1.03225,1.03276,131399
2022.11.30,00:00,1.03276,1.04152,1.02899,1.04136,132292
2022.12.01,00:00,1.04135,1.05335,1.03930,1.05186,152516
2022.12.02,00:00,1.05187,1.05449,1.04281,1.05363,140438
2022.12.03,00:00,1.05363,1.05418,1.05309,1.05407,7415
2022.12.05,00:00,1.05306,1.05950,1.04817,1.04927,110520
2022.12.06,00:00,1.04927,1.05329,1.04593,1.04632,118438
2022.12.07,00:00,1.04635,1.05498,1.04431,1.05143,120963
2022.12.08,00:00,1.05142,1.05651,1.04895,1.05602,105929
2022.12.09,00:00,1.05599,1.05881,1.05043,1.05470,110614
2022.12.10,00:00,1.05469,1.05481,1.05287,1.05334,5859
2022.12.12,00:00,1.05276,1.05803,1.05058,1.05222,93408
2022.12.13,00:00,1.05222,1.06734,1.05209,1.06362,137128
2022.12.14,00:00,1.06362,1.06848,1.06190,1.06637,134782
2022.12.15,00:00,1.06637,1.07363,1.05922,1.06310,145364
2022.12.16,00:00,1.06309,1.06631,1.05954,1.05995,110508
2022.12.17,00:00,1.05995,1.06063,1.05849,1.05891,5883
2022.12.19,00:00,1.05812,1.06580,1.05756,1.06044,103394
2022.12.20,00:00,1.06046,1.06587,1.05788,1.06217,154289
2022.12.21,00:00,1.06216,1.06451,1.05904,1.06145,104140
2022.12.22,00:00,1.06145,1.06595,1.05733,1.05929,102303
2022.12.23,00:00,1.05926,1.06330,1.05865,1.06199,103957
2022.12.24,00:00,1.06199,1.06208,1.06117,1.06163,3424
2022.12.26,00:00,1.06282,1.06324,1.06141,1.06265,4218
2022.12.27,00:00,1.06265,1.06696,1.06116,1.06415,59617
2022.12.28,00:00,1.06415,1.06744,1.06115,1.06173,84542
2022.12.29,00:00,1.06169,1.06904,1.06055,1.06782,89020
2022.12.30,00:00,1.06781,1.07133,1.06386,1.06991,109782
2022.12.31,00:00,1.06990,1.07075,1.06916,1.07025,6128
2023.01.02,00:00,1.07016,1.07017,1.06499,1.06574,15587
2023.01.03,00:00,1.06575,1.06830,1.05196,1.05665,133052
2023.01.04,00:00,1.05668,1.06354,1.05402,1.06056,139826
2023.01.05,00:00,1.06056,1.06315,1.05150,1.05302,127619
2023.01.06,00:00,1.05301,1.06479,1.04832,1.06456,127105
2023.01.07,00:00,1.06456,1.06481,1.06418,1.06427,5641
2023.01.09,00:00,1.06394,1.07607,1.06360,1.07518,107212
2023.01.10,00:00,1.07518,1.07593,1.07121,1.07410,115050
2023.01.11,00:00,1.07409,1.07765,1.07252,1.07634,90916
2023.01.12,00:00,1.07634,1.08670,1.07302,1.08494,138730
2023.01.13,00:00,1.08493,1.08678,1.07805,1.08293,116139
2023.01.14,00:00,1.08293,1.08358,1.08271,1.08323,4402
2023.01.16,00:00,1.08295,1.08742,1.08016,1.08194,64648
2023.01.17,00:00,1.08194,1.08694,1.07745,1.07935,109616
2023.01.18,00:00,1.07934,1.08874,1.07661,1.07952,147376
2023.01.19,00:00,1.07952,1.08382,1.07822,1.08306,112824
2023.01.20,00:00,1.08306,1.08591,1.08024,1.08540,90802
2023.01.21,00:00,1.08540,1.08584,1.08522,1.08557,4726
2023.01.23,00:00,1.08622,1.09267,1.08464,1.08591,92788
2023.01.24,00:00,1.08591,1.08980,1.08352,1.08839,88325
2023.01.25,00:00,1.08842,1.09236,1.08574,1.09147,88661
2023.01.26,00:00,1.09147,1.09294,1.08506,1.08893,85905
2023.01.27,00:00,1.08893,1.09003,1.08378,1.08687,80009
2023.01.28,00:00,1.08686,1.08731,1.08640,1.08673,3602
2023.01.30,00:00,1.08618,1.09138,1.08393,1.08462,80332
2023.01.31,00:00,1.08461,1.08750,1.08017,1.08642,90176
2023.02.01,00:00,1.08643,1.09870,1.08523,1.09779,91704
2023.02.02,00:00,1.09781,1.10329,1.08853,1.09080,127536
2023.02.03,00:00,1.09081,1.09402,1.08019,1.08047,120174
2023.02.04,00:00,1.08046,1.08048,1.07923,1.07932,5932
2023.02.06,00:00,1.07800,1.07989,1.07095,1.07247,94363
2023.02.07,00:00,1.07247,1.07664,1.06692,1.07195,125686
2023.02.08,00:00,1.07195,1.07609,1.07084,1.07231,89662
2023.02.09,00:00,1.07231,1.07908,1.07083,1.07373,91544
2023.02.10,00:00,1.07372,1.07529,1.06664,1.06733,94946
2023.02.11,00:00,1.06736,1.06808,1.06733,1.06782,2964
2023.02.13,00:00,1.06803,1.07300,1.06555,1.07174,70375
2023.02.14,00:00,1.07173,1.08045,1.07068,1.07394,122643
2023.02.15,00:00,1.07391,1.07445,1.06606,1.06809,94299
2023.02.16,00:00,1.06812,1.07225,1.06546,1.06904,100490
2023.02.17,00:00,1.06902,1.06970,1.06128,1.06964,91942
2023.02.18,00:00,1.06964,1.06985,1.06925,1.06935,4188
2023.02.20,00:00,1.06848,1.07047,1.06704,1.06874,45658
2023.02.21,00:00,1.06874,1.06983,1.06375,1.06486,84925
2023.02.22,00:00,1.06487,1.06640,1.05993,1.06009,93804
2023.02.23,00:00,1.06010,1.06278,1.05771,1.05957,86616
2023.02.24,00:00,1.05957,1.06143,1.05362,1.05509,104880
2023.02.25,00:00,1.05507,1.05557,1.05438,1.05446,4674
2023.02.27,00:00,1.05459,1.06199,1.05330,1.06076,74949
2023.02.28,00:00,1.06076,1.06454,1.05821,1.05839,77509
2023.03.01,00:00,1.05837,1.06916,1.05654,1.06573,94170
2023.03.02,00:00,1.06572,1.06728,1.05765,1.05904,94879
2023.03.03,00:00,1.05903,1.06357,1.05861,1.06348,83627
2023.03.04,00:00,1.06347,1.06387,1.06301,1.06328,4684
2023.03.06,00:00,1.06228,1.06945,1.06217,1.06758,72282
2023.03.07,00:00,1.06756,1.06945,1.05460,1.05517,102073
2023.03.08,00:00,1.05517,1.05740,1.05244,1.05460,80269
2023.03.09,00:00,1.05460,1.05913,1.05380,1.05758,62862
2023.03.10,00:00,1.05758,1.07008,1.05725,1.06434,130091
2023.03.11,00:00,1.06436,1.06481,1.06365,1.06381,7241
2023.03.13,00:00,1.06934,1.07486,1.06504,1.07298,189156
2023.03.14,00:00,1.07298,1.07496,1.06790,1.07417,141018
2023.03.15,00:00,1.07420,1.07599,1.05160,1.05803,154925
2023.03.16,00:00,1.05802,1.06357,1.05507,1.06149,145589
2023.03.17,00:00,1.06149,1.06854,1.06033,1.06614,99877
2023.03.18,00:00,1.06614,1.06655,1.06586,1.06653,1251
2023.03.20,00:00,1.06830,1.07309,1.06313,1.07231,107699
2023.03.21,00:00,1.07231,1.07886,1.07041,1.07695,79226
2023.03.22,00:00,1.07695,1.09125,1.07592,1.08656,93191
2023.03.23,00:00,1.08654,1.09299,1.08242,1.08401,99929
2023.03.24,00:00,1.08400,1.08409,1.07124,1.07590,109266
2023.03.25,00:00,1.07589,1.07628,1.07589,1.07601,1150
2023.03.27,00:00,1.07706,1.07967,1.07451,1.07957,71525
2023.03.28,00:00,1.07957,1.08469,1.07922,1.08433,65622
2023.03.29,00:00,1.08432,1.08717,1.08178,1.08445,68536
2023.03.30,00:00,1.08442,1.09263,1.08237,1.09054,71283
2023.03.31,00:00,1.09055,1.09257,1.08431,1.08458,71815
2023.04.01,00:00,1.08459,1.08461,1.08363,1.08429,1385
2023.04.03,00:00,1.08398,1.09167,1.07882,1.09063,77460
2023.04.04,00:00,1.09062,1.09733,1.08830,1.09574,73683
2023.04.05,00:00,1.09574,1.09696,1.08911,1.09038,68582
2023.04.06,00:00,1.09041,1.09377,1.08846,1.09232,55728
2023.04.07,00:00,1.09229,1.09240,1.08757,1.09042,24138
2023.04.08,00:00,1.09057,1.09096,1.08973,1.08984,279
2023.04.10,00:00,1.08953,1.09173,1.08313,1.08630,44403
2023.04.11,00:00,1.08630,1.09282,1.08458,1.09142,58262
2023.04.12,00:00,1.09142,1.10004,1.09060,1.09884,61826
2023.04.13,00:00,1.09890,1.10678,1.09766,1.10467,58212
2023.04.14,00:00,1.10467,1.10759,1.09724,1.09967,67543
2023.04.15,00:00,1.09963,1.09976,1.09930,1.09946,806
2023.04.17,00:00,1.09886,1.09998,1.09093,1.09311,58700
2023.04.18,00:00,1.09307,1.09830,1.09202,1.09710,55754
2023.04.19,00:00,1.09707,1.09840,1.09174,1.09550,61789
2023.04.20,00:00,1.09549,1.09898,1.09335,1.09635,61609
2023.04.21,00:00,1.09635,1.09938,1.09379,1.09903,56999
2023.04.22,00:00,1.09902,1.09928,1.09850,1.09894,976
2023.04.24,00:00,1.09885,1.10501,1.09659,1.10433,49463
2023.04.25,00:00,1.10434,1.10670,1.09641,1.09700,59402
2023.04.26,00:00,1.09703,1.10956,1.09604,1.10357,73832
2023.04.27,00:00,1.10356,1.10635,1.09922,1.10242,65211
2023.04.28,00:00,1.10242,1.10450,1.09624,1.10195,82608
2023.04.29,00:00,1.10195,1.10202,1.10140,1.10163,978
2023.05.01,00:00,1.10119,1.10357,1.09644,1.09729,49380
2023.05.02,00:00,1.09729,1.10080,1.09422,1.10059,65427
2023.05.03,00:00,1.10059,1.10916,1.09969,1.10547,73278
2023.05.04,00:00,1.10546,1.10918,1.09862,1.10147,86663
2023.05.05,00:00,1.10147,1.10479,1.09667,1.10183,60315
2023.05.06,00:00,1.10183,1.10198,1.10167,1.10182,932
2023.05.08,00:00,1.10226,1.10538,1.10002,1.10019,45153
2023.05.09,00:00,1.10018,1.10050,1.09411,1.09628,52431
2023.05.10,00:00,1.09627,1.10070,1.09417,1.09825,65144
2023.05.11,00:00,1.09824,1.09981,1.09002,1.09172,69456
2023.05.12,00:00,1.09169,1.09356,1.08486,1.08518,60934
2023.05.13,00:00,1.08520,1.08521,1.08478,1.08498,895
2023.05.15,00:00,1.08530,1.08909,1.08454,1.08751,50427
2023.05.16,00:00,1.08751,1.09047,1.08549,1.08631,58669
2023.05.17,00:00,1.08628,1.08736,1.08103,1.08398,59959
2023.05.18,00:00,1.08399,1.08480,1.07625,1.07741,56729
2023.05.19,00:00,1.07742,1.08288,1.07599,1.08060,68861
2023.05.20,00:00,1.08062,1.08082,1.08013,1.08048,1103
2023.05.22,00:00,1.08045,1.08314,1.07956,1.08113,62735
2023.05.23,00:00,1.08112,1.08205,1.07602,1.07676,69083
2023.05.24,00:00,1.07678,1.08014,1.07482,1.07496,76359
2023.05.25,00:00,1.07496,1.07566,1.07074,1.07207,71443
2023.05.26,00:00,1.07207,1.07587,1.07018,1.07297,65849
2023.05.27,00:00,1.07295,1.07302,1.07251,1.07258,972
2023.05.29,00:00,1.07178,1.07436,1.07061,1.07093,26381
2023.05.30,00:00,1.07092,1.07467,1.06726,1.07301,71476
2023.05.31,00:00,1.07300,1.07356,1.06353,1.06864,76755
2023.06.01,00:00,1.06863,1.07686,1.06619,1.07624,66942
2023.06.02,00:00,1.07625,1.07791,1.07057,1.07079,59231
2023.06.03,00:00,1.07079,1.07087,1.07052,1.07060,686
2023.06.05,00:00,1.07071,1.07225,1.06747,1.07126,61381
2023.06.06,00:00,1.07130,1.07329,1.06671,1.06920,50794
2023.06.07,00:00,1.06921,1.07398,1.06683,1.06936,53144
2023.06.08,00:00,1.06938,1.07871,1.06913,1.07791,53638
2023.06.09,00:00,1.07791,1.07851,1.07430,1.07442,48010
2023.06.10,00:00,1.07441,1.07490,1.07435,1.07477,649
